director_name,平均评分,电影数量,最高评分,最低评分
A. Raven Cruz,1.9,1,1.9,1.9
Aaron Hann,6.0,1,6.0,6.0
Aaron Schneider,7.1,1,7.1,7.1
Aaron Seltzer,2.7,1,2.7,2.7
Abel Ferrara,6.6,1,6.6,6.6
Adam Brooks,7.2,1,7.2,7.2
Adam Carolla,6.1,1,6.1,6.1
Adam Goldberg,5.4,1,5.4,5.4
Adam Green,5.7,1,5.7,5.7
Adam Jay Epstein,3.8,1,3.8,3.8
Adam Marcus,4.3,1,4.3,4.3
Adam McKay,6.92,6,7.8,6.3
Adam Rapp,6.4,1,6.4,6.4
Adam Rifkin,6.5,2,6.8,6.2
Adam Shankman,5.96,8,7.4,5.2
Adrian Lyne,6.4,4,6.9,5.9
Adrienne Shelly,7.1,1,7.1,7.1
Agnieszka Holland,6.8,1,6.8,6.8
Agnieszka Wojtowicz-Vosloo,5.9,1,5.9,5.9
Agustín Díaz Yanes,6.1,1,6.1,6.1
Aki Kaurismäki,7.2,1,7.2,7.2
Akira Kurosawa,8.1,2,8.7,7.5
Akiva Goldsman,6.2,1,6.2,6.2
Akiva Schaffer,6.03,3,6.7,5.7
Al Franklin,4.3,1,4.3,4.3
Al Silliman Jr.,4.0,1,4.0,4.0
Alain Resnais,6.3,1,6.3,6.3
Alan Alda,7.2,1,7.2,7.2
Alan Cohn,6.0,1,6.0,6.0
Alan J. Pakula,6.3,2,6.5,6.1
Alan Jacobs,7.3,1,7.3,7.3
Alan Metter,3.3,1,3.3,3.3
Alan Parker,7.03,3,7.5,6.3
Alan Poul,5.3,1,5.3,5.3
Alan Rudolph,4.6,1,4.6,4.6
Alan Shapiro,5.2,1,5.2,5.2
Alan Taylor,6.85,2,7.1,6.6
Alan Yuen,6.2,1,6.2,6.2
Albert Brooks,5.6,1,5.6,5.6
Albert Hughes,7.07,3,7.5,6.8
Alec Asten,4.3,1,4.3,4.3
Alejandro Agresti,6.8,1,6.8,6.8
Alejandro Amenábar,7.15,4,8.1,5.7
Alejandro G. Iñárritu,7.78,6,8.1,7.5
Alejandro Monteverde,7.4,2,7.4,7.4
Aleksandr Veledinskiy,7.5,1,7.5,7.5
Aleksey German,6.7,1,6.7,6.7
Alessandro Carloni,7.2,1,7.2,7.2
Alex Cox,6.9,1,6.9,6.9
Alex Craig Mann,4.6,1,4.6,4.6
Alex Garland,7.7,1,7.7,7.7
Alex Gibney,7.7,1,7.7,7.7
Alex Kendrick,6.78,4,7.0,6.5
Alex Proyas,6.82,5,7.7,5.5
Alex Ranarivelo,4.8,1,4.8,4.8
Alex Rivera,5.9,1,5.9,5.9
Alex Smith,6.1,1,6.1,6.1
Alex Zamm,2.3,1,2.3,2.3
Alex van Warmerdam,7.0,1,7.0,7.0
Alexander Payne,7.42,5,7.8,7.2
Alexander Witt,6.2,1,6.2,6.2
Alexandre Aja,6.22,4,6.8,5.5
Alfonso Cuarón,7.8,4,7.9,7.7
Alfred Hitchcock,7.35,8,8.5,6.3
Alice Wu,7.6,1,7.6,7.6
Alison Maclean,7.0,1,7.0,7.0
Alister Grierson,5.9,1,5.9,5.9
Allan Arkush,4.2,1,4.2,4.2
Allan Dwan,7.2,1,7.2,7.2
Allen Coulter,7.2,1,7.2,7.2
Allen Hughes,6.2,1,6.2,6.2
Allison Anders,6.4,2,6.7,6.1
Allison Burnett,6.0,1,6.0,6.0
Amal Al-Agroobi,8.2,1,8.2,8.2
Amanda Gusack,6.1,1,6.1,6.1
Amat Escalante,6.8,1,6.8,6.8
Amy Heckerling,6.1,4,7.2,5.1
Amy Holden Jones,6.1,1,6.1,6.1
Analeine Cal y Mayor,6.2,1,6.2,6.2
Anand Tucker,6.57,3,6.9,6.4
Andrea Arnold,7.3,1,7.3,7.3
Andrea Di Stefano,6.6,1,6.6,6.6
Andrei Tarkovsky,8.1,1,8.1,8.1
Andrew Adamson,7.08,5,7.9,6.6
Andrew Berends,6.6,1,6.6,6.6
Andrew Bergman,4.8,2,5.3,4.3
Andrew Bujalski,6.65,2,6.9,6.4
Andrew Currie,6.8,1,6.8,6.8
Andrew Davis,6.5,4,7.8,5.5
Andrew Dominik,6.85,2,7.5,6.2
Andrew Douglas,6.0,1,6.0,6.0
Andrew Erwin,6.1,2,6.8,5.4
Andrew Fleming,6.15,4,6.4,5.9
Andrew Haigh,7.7,1,7.7,7.7
Andrew Hyatt,4.4,1,4.4,4.4
Andrew Jarecki,6.3,1,6.3,6.3
Andrew Leman,7.3,1,7.3,7.3
Andrew Morahan,4.3,1,4.3,4.3
Andrew Niccol,6.88,5,7.8,5.9
Andrew Stanton,7.73,3,8.4,6.6
Andrew Steggall,7.0,1,7.0,7.0
Andrew Traucki,5.8,1,5.8,5.8
Andrew Wilson,5.5,1,5.5,5.5
Andrey Konchalovskiy,5.35,2,6.3,4.4
Andrey Zvyagintsev,8.0,1,8.0,8.0
Andrucha Waddington,7.5,1,7.5,7.5
Andrzej Bartkowiak,5.26,5,6.1,3.7
André Téchiné,6.0,1,6.0,6.0
André Øvredal,7.0,1,7.0,7.0
Andrés Couturier,4.4,1,4.4,4.4
Andrés Muschietti,6.2,1,6.2,6.2
Andy Cadiff,6.1,2,6.1,6.1
Andy Fickman,5.77,6,6.4,4.4
Andy Garcia,6.7,1,6.7,6.7
Andy Tennant,6.25,6,7.0,5.5
Ang Lee,7.25,8,8.0,5.7
Angela Robinson,5.0,2,5.3,4.7
Angelina Jolie Pitt,5.6,3,7.2,4.3
Angelo Pizzo,7.0,1,7.0,7.0
Anna Boden,7.2,1,7.2,7.2
Anna Mastro,5.3,1,5.3,5.3
Anna Muylaert,7.9,1,7.9,7.9
Annabel Jankel,4.0,1,4.0,4.0
Anne Fletcher,6.04,5,6.7,5.1
Anne Fontaine,6.45,2,6.7,6.2
Anthony Bell,5.3,1,5.3,5.3
Anthony C. Ferrante,3.3,1,3.3,3.3
Anthony Hemingway,5.9,1,5.9,5.9
Anthony Hickox,5.3,1,5.3,5.3
Anthony Mann,6.7,1,6.7,6.7
Anthony Minghella,7.3,3,7.4,7.2
Anthony O'Brien,5.5,1,5.5,5.5
Anthony Powell,7.6,1,7.6,7.6
Anthony Russo,7.0,4,8.2,5.6
Anthony Silverston,5.8,1,5.8,5.8
Anthony Vallone,7.8,1,7.8,7.8
Antoine Fuqua,6.94,8,7.7,6.1
Anton Corbijn,6.93,3,7.7,6.3
Antonia Bird,7.1,1,7.1,7.1
Antonio Banderas,6.3,1,6.3,6.3
Antonio Simoncini,3.1,1,3.1,3.1
Antony Hoffman,5.7,1,5.7,5.7
Anurag Basu,6.0,1,6.0,6.0
Ari Folman,8.0,1,8.0,8.0
Ari Kirschenbaum,5.8,1,5.8,5.8
Ari Sandel,6.5,1,6.5,6.5
Arie Posin,7.0,1,7.0,7.0
Ariel Vromen,6.6,2,6.9,6.3
Arjun Sablok,3.3,1,3.3,3.3
Arthur Hiller,3.5,1,3.5,3.5
Asger Leth,6.6,1,6.6,6.6
Asghar Farhadi,8.4,1,8.4,8.4
Ash Baron-Cohen,6.4,1,6.4,6.4
Ash Brannon,6.8,1,6.8,6.8
Ashish R. Mohan,4.3,1,4.3,4.3
Atom Egoyan,6.88,6,7.7,6.3
Audrey Wells,6.7,1,6.7,6.7
Ava DuVernay,7.0,2,7.5,6.5
Avi Nesher,5.5,1,5.5,5.5
Ayan Mukerji,6.9,1,6.9,6.9
Babak Najafi,5.9,1,5.9,5.9
Babar Ahmed,3.2,1,3.2,3.2
Baltasar Kormákur,6.77,3,7.1,6.5
Barbet Schroeder,6.03,3,6.1,5.9
Barbra Streisand,6.57,3,6.6,6.5
Barrett Esposito,6.7,1,6.7,6.7
Barry Cook,5.2,1,5.2,5.2
Barry Levinson,6.58,13,8.0,4.8
Barry Skolnick,6.5,1,6.5,6.5
Barry Sonnenfeld,6.46,7,7.3,4.8
Barry W. Blaustein,7.6,1,7.6,7.6
Bart Freundlich,5.45,2,5.7,5.2
Baz Luhrmann,7.12,5,7.6,6.6
Becky Smith,6.3,1,6.3,6.3
Beeban Kidron,5.9,1,5.9,5.9
Ben Affleck,7.65,2,7.7,7.6
Ben Falcone,5.1,2,5.3,4.9
Ben Lewin,7.2,1,7.2,7.2
Ben Stassen,6.1,1,6.1,6.1
Ben Stiller,6.34,5,7.3,4.8
Ben Wheatley,6.4,2,6.5,6.3
Ben Younger,7.0,1,7.0,7.0
Benedek Fliegauf,6.4,1,6.4,6.4
Benedikt Erlingsson,6.9,1,6.9,6.9
Benh Zeitlin,7.3,1,7.3,7.3
Benjamin Dickinson,5.5,1,5.5,5.5
Benjamin Roberds,6.3,1,6.3,6.3
Bennett Miller,7.5,2,7.6,7.4
Benni Diez,5.0,1,5.0,5.0
Benny Boom,5.9,1,5.9,5.9
Benson Lee,5.0,1,5.0,5.0
Bernardo Bertolucci,7.95,2,8.1,7.8
Beto Gómez,6.0,1,6.0,6.0
Betty Thomas,5.3,4,6.0,4.5
Bibo Bergeron,6.57,3,6.9,6.0
Bigas Luna,6.8,1,6.8,6.8
Bill Benenson,7.4,1,7.4,7.4
Bill Condon,6.56,5,7.5,5.5
Bill Duke,6.1,1,6.1,6.1
Bill Melendez,8.4,1,8.4,8.4
Bill Muir,4.8,1,4.8,4.8
Bill Paxton,7.4,2,7.5,7.3
Bill Plympton,7.0,1,7.0,7.0
Bille August,6.75,2,7.1,6.4
Bille Woodruff,5.12,4,5.5,4.5
Billy Bob Thornton,6.9,2,8.0,5.8
Billy Kent,5.6,1,5.6,5.6
Billy Ray,6.7,2,7.2,6.2
Billy Wilder,7.98,4,8.3,7.3
Blair Erickson,5.5,1,5.5,5.5
Blair Hayes,5.6,1,5.6,5.6
Blake Edwards,6.65,2,7.1,6.2
Blaz Zavrsnik,6.4,1,6.4,6.4
Bo Welch,3.8,1,3.8,3.8
Bo Zenga,3.6,1,3.6,3.6
Boaz Yakin,7.03,3,7.8,6.5
Bob Clark,4.68,4,8.1,1.9
Bob Dolman,5.6,1,5.6,5.6
Bob Fosse,7.4,2,7.8,7.0
Bob Giraldi,7.3,1,7.3,7.3
Bob Gosse,5.3,1,5.3,5.3
Bob Odenkirk,5.65,2,6.0,5.3
Bob Rafelson,6.35,2,6.6,6.1
Bob Saget,5.3,2,6.4,4.2
Bob Spiers,3.3,1,3.3,3.3
Bobby Farrelly,6.13,10,7.1,5.1
Bobby Roth,5.0,1,5.0,5.0
Bobcat Goldthwait,6.9,1,6.9,6.9
Bonnie Hunt,6.9,1,6.9,6.9
Boris Rodriguez,5.7,1,5.7,5.7
Brad Anderson,6.86,5,7.7,6.5
Brad Bird,7.58,5,8.0,6.5
Brad Copeland,6.6,1,6.6,6.6
Brad Furman,6.73,3,7.3,5.6
Brad J. Silverman,6.1,1,6.1,6.1
Brad Peyton,5.4,3,6.1,4.3
Brad Silberling,6.2,4,6.7,5.4
Bradley Parker,5.0,1,5.0,5.0
Bradley Rust Gray,6.3,1,6.3,6.3
Brandon Camp,5.6,1,5.6,5.6
Brandon Cronenberg,5.7,1,5.7,5.7
Brandon Landers,3.0,1,3.0,3.0
Brandon Trost,5.6,1,5.6,5.6
Breck Eisner,6.17,3,6.5,6.0
Brenda Chapman,7.0,1,7.0,7.0
Brendan Malloy,6.3,1,6.3,6.3
Brenton Spencer,3.8,1,3.8,3.8
Brett Leonard,5.45,2,5.5,5.4
Brett Piper,4.5,1,4.5,4.5
Brett Ratner,6.46,9,7.2,6.0
Brian A Miller,4.6,1,4.6,4.6
Brian Baugh,7.1,1,7.1,7.1
Brian Caunter,6.2,1,6.2,6.2
Brian Dannelly,6.9,1,6.9,6.9
Brian De Palma,6.68,12,8.3,5.6
Brian Dorton,7.3,1,7.3,7.3
Brian Gibson,6.4,2,7.2,5.6
Brian Helgeland,6.72,5,7.5,5.1
Brian Henson,7.7,1,7.7,7.7
Brian Klugman,7.1,1,7.1,7.1
Brian Koppelman,6.25,2,6.4,6.1
Brian Levant,4.82,6,5.4,3.6
Brian Percival,7.6,1,7.6,7.6
Brian Robbins,5.53,6,6.4,4.4
Brian Trenchard-Smith,4.17,3,4.3,4.1
Brian Yuzna,5.9,1,5.9,5.9
Britt Allcroft,3.6,1,3.6,3.6
Bronwen Hughes,5.9,1,5.9,5.9
Bruce Beresford,7.3,4,8.0,6.4
Bruce Campbell,6.3,1,6.3,6.3
Bruce Dellis,4.8,1,4.8,4.8
Bruce Hunt,5.1,1,5.1,5.1
Bruce Macdonald,4.7,1,4.7,4.7
Bruce Malmuth,6.4,1,6.4,6.4
Bruce McCulloch,5.05,2,5.1,5.0
Bruce McDonald,6.7,1,6.7,6.7
Bruce Paltrow,6.0,1,6.0,6.0
Bruno Barreto,6.4,1,6.4,6.4
Bryan Barber,6.2,1,6.2,6.2
Bryan Singer,7.29,8,8.6,6.1
Burr Steers,6.42,4,7.0,5.8
Byron Howard,6.9,1,6.9,6.9
C. Fraser Press,6.7,1,6.7,6.7
C. Jay Cox,6.45,2,7.2,5.7
Cal Brunker,5.9,1,5.9,5.9
Callie Khouri,5.9,2,6.0,5.8
Cameron Crowe,6.63,7,7.9,5.4
Camille Delamarre,5.4,2,5.7,5.1
Carl Franklin,6.6,3,7.0,6.3
Carl Rinsch,6.3,1,6.3,6.3
Carl Theodor Dreyer,8.1,1,8.1,8.1
Carlos Carrera,6.8,1,6.8,6.8
Carlos Saldanha,6.82,4,7.0,6.4
Carlos Saura,7.2,1,7.2,7.2
Carmen Marron,3.9,1,3.9,3.9
Carol Reed,7.15,2,7.5,6.8
Caroline Link,7.7,1,7.7,7.7
Carroll Ballard,7.35,2,7.4,7.3
Carter Smith,5.9,1,5.9,5.9
Cary Bell,8.7,1,8.7,8.7
Caryn Waechter,6.3,1,6.3,6.3
Cassandra Nicolaou,6.0,1,6.0,6.0
Catherine Gund,6.8,1,6.8,6.8
Catherine Hardwicke,5.99,7,7.1,5.2
Catherine Jelski,4.2,1,4.2,4.2
Catherine Owens,8.4,1,8.4,8.4
Cathy Malkasian,5.2,1,5.2,5.2
Cecil B. DeMille,6.7,1,6.7,6.7
Cedric Nicolas-Troyan,6.1,1,6.1,6.1
Chad Hartigan,6.6,1,6.6,6.6
Chad Kapper,3.4,1,3.4,3.4
Chan-wook Park,7.63,3,8.4,6.8
Chao-Bin Su,6.9,1,6.9,6.9
Charles Adelman,4.8,1,4.8,4.8
Charles Binamé,7.7,1,7.7,7.7
Charles Chaplin,8.6,1,8.6,8.6
Charles Ferguson,7.87,3,8.3,7.0
Charles Herman-Wurmfeld,6.2,3,7.3,4.6
Charles Martin Smith,6.13,3,6.9,5.1
Charles Matthau,6.5,1,6.5,6.5
Charles Robert Carner,3.1,1,3.1,3.1
Charles S. Dutton,5.3,1,5.3,5.3
Charles Shyer,6.2,1,6.2,6.2
Charles Stone III,5.6,2,5.7,5.5
Charles T. Kanganis,4.3,1,4.3,4.3
Charlie Kaufman,7.5,1,7.5,7.5
Charlie Levi,6.1,1,6.1,6.1
Chatrichalerm Yukol,6.6,1,6.6,6.6
Cheryl Dunye,4.5,1,4.5,4.5
Chia-Liang Liu,7.6,1,7.6,7.6
Chris Atkins,7.4,1,7.4,7.4
Chris Buck,7.6,1,7.6,7.6
Chris Butler,7.0,1,7.0,7.0
Chris Carter,5.9,1,5.9,5.9
Chris Columbus,6.65,11,7.5,5.3
Chris D'Arienzo,5.9,1,5.9,5.9
Chris Eyre,7.2,1,7.2,7.2
Chris Gorak,4.9,1,4.9,4.9
Chris Kentis,5.5,2,5.7,5.3
Chris Koch,5.25,2,5.6,4.9
Chris Marker,7.4,1,7.4,7.4
Chris Miller,6.4,2,6.7,6.1
Chris Nahon,6.6,1,6.6,6.6
Chris Noonan,6.9,2,7.0,6.8
Chris Paine,7.7,1,7.7,7.7
Chris Roberts,4.1,1,4.1,4.1
Chris Robinson,6.0,1,6.0,6.0
Chris Rock,5.8,3,6.5,5.4
Chris Shadley,5.5,1,5.5,5.5
Chris Stokes,3.85,2,4.2,3.5
Chris Wedge,6.87,3,7.6,6.3
Chris Weitz,6.08,5,7.2,4.6
Christian Alvart,6.5,2,6.8,6.2
Christian Carion,7.8,1,7.8,7.8
Christian Ditter,6.1,1,6.1,6.1
Christian Duguay,5.1,2,5.7,4.5
Christian E. Christiansen,4.8,1,4.8,4.8
Christian Sesma,3.9,1,3.9,3.9
Christian Volckman,6.7,1,6.7,6.7
Christine Jeffs,6.9,1,6.9,6.9
Christophe Ali,5.4,1,5.4,5.4
Christophe Barratier,7.9,1,7.9,7.9
Christophe Gans,6.6,1,6.6,6.6
Christopher Barnard,7.2,1,7.2,7.2
Christopher Cain,6.3,2,6.8,5.8
Christopher Erskin,4.3,1,4.3,4.3
Christopher Guest,7.18,4,7.6,6.3
Christopher Hutson,3.1,1,3.1,3.1
Christopher Landon,5.0,1,5.0,5.0
Christopher Leitch,3.2,1,3.2,3.2
Christopher M. Bessette,5.4,1,5.4,5.4
Christopher McQuarrie,7.02,4,7.4,6.7
Christopher Morris,7.3,1,7.3,7.3
Christopher Nolan,8.43,8,9.0,7.2
Christopher Scott Cherot,6.5,1,6.5,6.5
Christopher Smith,6.75,2,6.9,6.6
Christopher Spencer,5.6,1,5.6,5.6
Chuan Lu,7.7,1,7.7,7.7
Chuck Bowman,4.6,1,4.6,4.6
Chuck Russell,5.9,6,6.9,5.1
Chuck Sheetz,6.5,1,6.5,6.5
Ciarán Foy,5.2,1,5.2,5.2
Clare Kilner,5.9,2,6.1,5.7
Clark Gregg,6.5,1,6.5,6.5
Clark Johnson,6.05,2,6.1,6.0
Claude Chabrol,6.6,2,6.6,6.6
Claude Miller,6.9,1,6.9,6.9
Claudia Llosa,5.3,1,5.3,5.3
Claudia Sainte-Luce,7.0,1,7.0,7.0
Clay Kaytis,6.3,1,6.3,6.3
Clint Eastwood,7.22,20,8.3,5.9
Clive Barker,7.0,1,7.0,7.0
Cody Cameron,6.5,1,6.5,6.5
Colin Higgins,5.8,1,5.8,5.8
Colin Minihan,6.1,1,6.1,6.1
Colin Strause,4.55,2,4.7,4.4
Colin Trevorrow,7.0,2,7.0,7.0
Collin Joseph Neal,3.7,1,3.7,3.7
Collin Schiffli,6.2,1,6.2,6.2
Conor McMahon,5.7,1,5.7,5.7
Conor McPherson,6.2,1,6.2,6.2
Corbin Bernsen,5.7,1,5.7,5.7
Corey Grant,5.4,1,5.4,5.4
Corey Yuen,4.8,1,4.8,4.8
Cory Edwards,6.5,1,6.5,6.5
Costa-Gavras,6.75,2,7.3,6.2
Courtney Hunt,7.2,1,7.2,7.2
Courtney Solomon,4.7,2,5.0,4.4
Craig Bolotin,6.0,1,6.0,6.0
Craig Brewer,7.2,2,7.4,7.0
Craig Gillespie,6.9,4,7.4,6.4
Craig Johnson,6.8,1,6.8,6.8
Craig Mazin,5.25,2,6.0,4.5
Craig Moss,2.65,2,2.7,2.6
Craig R. Baxley,5.55,2,5.9,5.2
Craig Zobel,6.4,1,6.4,6.4
Cristian Mungiu,7.9,1,7.9,7.9
Curtis Hanson,6.62,6,8.3,4.8
Cyrus Nowrasteh,5.4,1,5.4,5.4
Cédric Klapisch,7.1,2,7.3,6.9
D. Stevens,3.9,1,3.9,3.9
D.J. Caruso,6.74,5,7.2,6.1
D.W. Griffith,8.0,1,8.0,8.0
DJ Pooh,4.3,2,4.6,4.0
Dagur Kári,6.9,1,6.9,6.9
Daisy von Scherler Mayer,4.6,2,5.4,3.8
Damian Nieman,6.4,1,6.4,6.4
Damien Chazelle,8.5,1,8.5,8.5
Damien Dante Wayans,3.5,1,3.5,3.5
Damien O'Donnell,6.9,1,6.9,6.9
Damir Catic,5.4,1,5.4,5.4
Damon Santostefano,6.1,1,6.1,6.1
Dan Curtis,7.4,1,7.4,7.4
Dan Cutforth,5.9,1,5.9,5.9
Dan Fogelman,7.1,1,7.1,7.1
Dan Gilroy,7.9,1,7.9,7.9
Dan Harris,7.3,1,7.3,7.3
Dan Ireland,5.0,1,5.0,5.0
Dan Mazer,6.0,1,6.0,6.0
Dan O'Bannon,7.3,2,7.3,7.3
Dan Perri,6.7,1,6.7,6.7
Dan Reed,5.6,1,5.6,5.6
Dan Rush,6.4,1,6.4,6.4
Dan Scanlon,7.3,1,7.3,7.3
Dan Trachtenberg,7.3,1,7.3,7.3
Dan Zukovic,6.9,1,6.9,6.9
Daniel Algrant,5.5,1,5.5,5.5
Daniel Barber,7.2,1,7.2,7.2
Daniel Barnz,6.0,2,6.4,5.6
Daniel Columbie,4.3,1,4.3,4.3
Daniel Davila,7.4,1,7.4,7.4
Daniel Espinosa,6.63,3,6.8,6.4
Daniel Hsia,6.3,1,6.3,6.3
Daniel Lee,6.15,2,6.2,6.1
Daniel Mellitz,4.7,1,4.7,4.7
Daniel Myrick,6.4,1,6.4,6.4
Daniel Petrie Jr.,4.8,1,4.8,4.8
Daniel Sackheim,5.8,1,5.8,5.8
Daniel Schechter,6.3,1,6.3,6.3
Daniel Stamm,5.6,1,5.6,5.6
Daniel Taplitz,5.5,1,5.5,5.5
Daniele Luchetti,5.7,1,5.7,5.7
Danny Boyle,7.44,8,8.2,6.6
Danny Cannon,5.7,2,6.8,4.6
Danny DeVito,6.27,3,6.6,5.8
Danny Leiner,6.3,2,7.1,5.5
Danny Pang,5.55,2,5.7,5.4
Danny Perez,6.3,1,6.3,6.3
Danny Provenzano,5.4,1,5.4,5.4
Danny Steinmann,4.7,1,4.7,4.7
Dany Boon,7.1,1,7.1,7.1
Darin Scott,4.8,1,4.8,4.8
Dario Argento,6.1,1,6.1,6.1
Darnell Martin,7.0,1,7.0,7.0
Darrell Roodt,6.0,1,6.0,6.0
Darren Aronofsky,7.48,6,8.4,5.8
Darren Grant,5.6,1,5.6,5.6
Darren Lynn Bousman,6.56,5,7.4,5.9
Darren Stein,5.5,2,5.6,5.4
Daryl Wein,6.2,1,6.2,6.2
Daston Kalili,5.8,1,5.8,5.8
Dave Borthwick,2.8,1,2.8,2.8
Dave Carroll,7.9,1,7.9,7.9
Dave Green,6.05,2,6.3,5.8
Dave McKean,6.9,1,6.9,6.9
Dave Meyers,4.3,1,4.3,4.3
Dave Payne,4.9,1,4.9,4.9
Dave Rodriguez,6.3,1,6.3,6.3
David Anspaugh,6.2,1,6.2,6.2
David Atkins,5.8,1,5.8,5.8
David Ayer,6.77,7,7.7,5.7
David Bowers,6.5,4,6.7,6.3
David Boyd,6.0,1,6.0,6.0
David Caffrey,6.1,1,6.1,6.1
David Carson,6.6,1,6.6,6.6
David Cronenberg,7.11,7,7.7,6.5
David Cross,5.8,1,5.8,5.8
David DeCoteau,3.0,2,3.8,2.2
David Dobkin,6.65,4,7.4,6.2
David Duchovny,7.0,1,7.0,7.0
David E. Talbert,5.0,1,5.0,5.0
David F. Sandberg,6.9,1,6.9,6.9
David Fincher,7.75,10,8.8,6.4
David Frankel,6.6,4,7.1,6.2
David G. Evans,6.4,1,6.4,6.4
David Gelb,5.2,1,5.2,5.2
David Gordon Green,6.58,8,7.5,5.6
David Hackl,5.55,2,5.8,5.3
David Hayter,5.3,1,5.3,5.3
David Hewlett,7.0,1,7.0,7.0
David Hunt,6.3,1,6.3,6.3
David Jacobson,6.5,1,6.5,6.5
David Kellogg,4.1,1,4.1,4.1
David Koepp,6.46,5,7.0,5.5
David LaChapelle,7.1,1,7.1,7.1
David Lam,5.3,1,5.3,5.3
David Lean,8.0,4,8.4,7.4
David Leland,5.55,2,6.3,4.8
David Lowery,7.3,1,7.3,7.3
David Lynch,7.64,5,8.2,6.6
David M. Matthews,3.5,1,3.5,3.5
David Mamet,7.05,2,7.3,6.8
David McNally,5.0,2,5.6,4.4
David Mirkin,6.2,1,6.2,6.2
David Moreau,5.4,1,5.4,5.4
David Nixon,6.3,1,6.3,6.3
David Nutter,5.5,1,5.5,5.5
David O. Russell,6.78,8,7.9,4.0
David Oelhoffen,7.3,1,7.3,7.3
David Palmer,6.1,1,6.1,6.1
David Pastor,6.0,1,6.0,6.0
David R. Ellis,5.52,6,6.5,4.0
David Ray,6.8,1,6.8,6.8
David Raynr,5.37,3,5.5,5.2
David Robert Mitchell,6.9,1,6.9,6.9
David S. Goyer,5.17,3,5.9,4.8
David S. Ward,7.2,1,7.2,7.2
David Schwimmer,6.8,2,7.0,6.6
David Silverman,7.4,1,7.4,7.4
David Sington,8.1,1,8.1,8.1
David Slade,6.2,3,7.1,4.9
David Soren,6.5,1,6.5,6.5
David Twohy,6.68,4,7.1,6.4
David Wain,5.75,4,6.9,5.0
David Webb Peoples,6.5,1,6.5,6.5
David Winning,2.8,1,2.8,2.8
David Winters,2.8,1,2.8,2.8
David Worth,6.9,1,6.9,6.9
David Yates,7.2,3,7.5,6.6
David Zucker,5.26,5,6.8,4.3
Davis Guggenheim,6.53,3,7.5,5.9
Dean DeBlois,7.77,3,8.2,7.2
Dean Israelite,6.4,1,6.4,6.4
Dean Parisot,6.28,4,7.3,5.0
Dean Wright,6.6,1,6.6,6.6
Deb Hagan,4.6,1,4.6,4.6
Deborah Anderson,5.3,1,5.3,5.3
Debra Granik,7.2,1,7.2,7.2
Deepa Mehta,7.8,2,7.8,7.8
Demian Lichtenstein,5.9,1,5.9,5.9
Dena Seidel,7.0,1,7.0,7.0
Denis Villeneuve,7.97,3,8.2,7.6
Dennie Gordon,5.4,4,5.9,4.8
Dennis Dugan,5.73,9,7.0,3.4
Dennis Gansel,7.6,1,7.6,7.6
Dennis Hopper,7.2,1,7.2,7.2
Dennis Iliadis,6.6,2,6.6,6.6
Denys Arcand,7.7,1,7.7,7.7
Denzel Washington,7.45,2,7.6,7.3
Deon Taylor,4.1,1,4.1,4.1
Derek Cianfrance,7.35,2,7.4,7.3
Derick Martini,4.5,1,4.5,4.5
Derrick Borte,6.5,1,6.5,6.5
Deryck Broom,3.7,1,3.7,3.7
Des McAnuff,4.1,1,4.1,4.1
Dewey Nicks,5.3,1,5.3,5.3
Dexter Fletcher,7.5,2,7.5,7.5
Diane English,4.9,1,4.9,4.9
Diane Keaton,4.7,1,4.7,4.7
Dick Richards,6.3,1,6.3,6.3
Dinesh D'Souza,5.1,1,5.1,5.1
Dito Montiel,5.1,1,5.1,5.1
Dominic Burns,3.1,1,3.1,3.1
Dominic Sena,6.17,3,6.5,5.5
Dominique Othenin-Girard,5.2,1,5.2,5.2
Don Bluth,7.0,3,7.3,6.6
Don Coscarelli,6.63,3,7.2,6.2
Don Hall,7.9,1,7.9,7.9
Don Kempf,7.5,1,7.5,7.5
Don Mancini,4.9,1,4.9,4.9
Don Michael Paul,3.3,2,4.6,2.0
Don Scardino,5.9,1,5.9,5.9
Don Siegel,7.6,1,7.6,7.6
Don Taylor,6.3,1,6.3,6.3
Donald Petrie,5.66,8,6.4,4.9
Doug Atchison,7.5,1,7.5,7.5
Doug Block,7.5,1,7.5,7.5
Doug Lefler,5.4,1,5.4,5.4
Doug Liman,7.13,7,7.9,6.1
Doug Walker,7.1,1,7.1,7.1
Douglas Aarniokoski,4.6,2,4.6,4.6
Douglas Cheek,5.5,1,5.5,5.5
Douglas McGrath,6.4,3,7.2,4.9
Douglas Trumbull,6.7,1,6.7,6.7
Drake Doremus,6.7,1,6.7,6.7
Drew Barrymore,6.9,1,6.9,6.9
Drew Goddard,7.0,1,7.0,7.0
Dror Moreh,7.6,1,7.6,7.6
Duane Journey,4.3,1,4.3,4.3
Duke Johnson,7.3,1,7.3,7.3
Duncan Jones,7.57,3,7.9,7.3
Duncan Tucker,7.4,1,7.4,7.4
Dustin Hoffman,6.8,1,6.8,6.8
Dwight H. Little,5.25,2,5.9,4.6
Dylan Bank,4.2,1,4.2,4.2
E. Elias Merhige,6.4,2,6.9,5.9
E.L. Katz,6.8,1,6.8,6.8
Ed Decter,5.9,1,5.9,5.9
Ed Gass-Donnelly,4.0,1,4.0,4.0
Ed Harris,6.9,2,7.0,6.8
Eddie O'Flaherty,6.6,1,6.6,6.6
Edgar Wright,7.6,4,8.0,7.0
Edward Burns,6.42,4,6.6,6.1
Edward Dmytryk,5.5,1,5.5,5.5
Edward Hall,7.2,1,7.2,7.2
Edward Norton,6.4,1,6.4,6.4
Edward Zwick,7.32,8,8.0,6.3
Efram Potelle,6.1,1,6.1,6.1
Ekachai Uekrongtham,5.7,1,5.7,5.7
Elaine May,4.2,1,4.2,4.2
Eldar Rapaport,6.1,1,6.1,6.1
Eli Craig,7.6,1,7.6,7.6
Eli Roth,5.57,3,5.9,5.4
Elia Kazan,7.87,3,8.2,7.4
Elizabeth Allen Rosenbaum,6.0,2,6.7,5.3
Elizabeth Banks,5.4,2,6.5,4.3
Ellory Elkayem,5.4,1,5.4,5.4
Emile Ardolino,5.7,1,5.7,5.7
Emilio Estevez,7.0,1,7.0,7.0
Emily Dell,4.0,1,4.0,4.0
Emily Young,6.5,1,6.5,6.5
Emma-Kate Croghan,6.4,1,6.4,6.4
Enrique Begne,5.0,1,5.0,5.0
Eric Blakeney,5.7,1,5.7,5.7
Eric Bress,7.7,1,7.7,7.7
Eric Brevig,5.2,2,5.8,4.6
Eric Bross,4.8,2,5.5,4.1
Eric Bugbee,7.1,1,7.1,7.1
Eric Darnell,6.76,5,6.9,6.6
Eric Eason,7.0,1,7.0,7.0
Eric England,4.1,1,4.1,4.1
Eric Lartigau,7.4,1,7.4,7.4
Eric Lavaine,6.1,1,6.1,6.1
Eric Leighton,6.5,1,6.5,6.5
Eric Mendelsohn,5.2,1,5.2,5.2
Eric Nicholas,6.1,1,6.1,6.1
Eric Schaeffer,6.0,1,6.0,6.0
Eric Styles,6.4,1,6.4,6.4
Eric Valette,3.9,2,3.9,3.9
Ericson Core,5.3,2,5.3,5.3
Erik Canuel,7.0,1,7.0,7.0
Erik White,4.9,1,4.9,4.9
Ernest R. Dickerson,6.7,1,6.7,6.7
Ernie Barbarash,5.45,2,5.8,5.1
Errol Morris,7.5,1,7.5,7.5
Etan Cohen,6.0,1,6.0,6.0
Ethan Coen,7.11,7,8.1,6.2
Ethan Maniquis,6.7,1,6.7,6.7
Eugenio Derbez,7.6,1,7.6,7.6
Eugène Lourié,6.7,1,6.7,6.7
Evan Goldberg,6.65,2,6.7,6.6
Eytan Fox,7.3,1,7.3,7.3
F. Gary Gray,6.94,8,7.9,5.7
Fabián Bielinsky,7.9,1,7.9,7.9
Fatih Akin,7.3,1,7.3,7.3
Fede Alvarez,6.5,1,6.5,6.5
Fedor Bondarchuk,5.3,1,5.3,5.3
Fenton Bailey,6.55,2,6.8,6.3
Fernando Baez Mella,6.9,1,6.9,6.9
Fernando León de Aranoa,7.7,1,7.7,7.7
Fernando Meirelles,7.6,3,8.7,6.6
Feroz Abbas Khan,7.4,1,7.4,7.4
Ferzan Ozpetek,7.3,1,7.3,7.3
Fina Torres,5.3,1,5.3,5.3
Finn Taylor,7.0,1,7.0,7.0
Florence Ayisi,7.5,1,7.5,7.5
Florent-Emilio Siri,6.6,1,6.6,6.6
Floria Sigismondi,6.6,1,6.6,6.6
Florian Henckel von Donnersmarck,6.83,3,8.5,6.0
Floyd Mutrux,6.4,1,6.4,6.4
Forest Whitaker,5.9,1,5.9,5.9
Francesca Gregorini,5.9,1,5.9,5.9
Francis Ford Coppola,7.42,11,9.2,4.8
Francis Lawrence,7.0,5,7.6,6.6
Franck Khalfoun,6.1,1,6.1,6.1
Franco Zeffirelli,6.9,1,6.9,6.9
Frank Borzage,6.6,1,6.6,6.6
Frank Capra,8.06,5,8.6,7.3
Frank Coraci,5.9,8,6.5,4.9
Frank Darabont,7.98,4,9.3,6.9
Frank LaLoggia,6.7,1,6.7,6.7
Frank Lotito,8.2,1,8.2,8.2
Frank Marshall,6.42,4,7.3,5.0
Frank Miller,6.47,3,8.1,4.8
Frank Nissen,6.4,1,6.4,6.4
Frank Oz,6.41,7,7.4,5.2
Frank Perry,6.7,1,6.7,6.7
Frank Sebastiano,6.0,1,6.0,6.0
Frank Whaley,5.4,1,5.4,5.4
Franklin J. Schaffner,6.73,3,8.0,5.2
François Girard,7.7,1,7.7,7.7
François Ozon,6.95,2,7.1,6.8
François Truffaut,7.2,1,7.2,7.2
Fred Dekker,3.9,1,3.9,3.9
Fred Durst,5.1,1,5.1,5.1
Fred Savage,2.9,1,2.9,2.9
Fred Schepisi,7.0,1,7.0,7.0
Fred Walton,6.2,1,6.2,6.2
Fred Wolf,5.4,2,5.5,5.3
Fred Zinnemann,7.76,5,8.1,7.4
Frederik Du Chau,5.7,2,6.2,5.2
Fritz Lang,8.3,1,8.3,8.3
Frédéric Auburtin,2.0,1,2.0,2.0
Frédéric Forestier,5.1,1,5.1,5.1
Gabe Ibáñez,6.1,1,6.1,6.1
Gabor Csupo,7.2,1,7.2,7.2
Gabriela Tagliavini,3.2,1,3.2,3.2
Gabriele Muccino,6.98,4,8.0,5.7
Gareth Edwards,6.4,1,6.4,6.4
Gareth Evans,7.6,1,7.6,7.6
Garry Marshall,5.95,8,6.9,5.5
Garth Jennings,6.8,1,6.8,6.8
Gary Chapman,5.6,1,5.6,5.6
Gary David Goldberg,5.9,1,5.9,5.9
Gary Fleder,6.62,6,7.3,6.2
Gary Halvorson,5.8,1,5.8,5.8
Gary Hardwick,6.3,1,6.3,6.3
Gary McKendry,6.5,1,6.5,6.5
Gary Nelson,5.9,1,5.9,5.9
Gary Rogers,3.3,1,3.3,3.3
Gary Ross,7.1,3,7.3,6.7
Gary Sherman,4.5,1,4.5,4.5
Gary Shore,6.3,1,6.3,6.3
Gary Sinyor,6.4,1,6.4,6.4
Gary Trousdale,6.85,2,6.9,6.8
Gary Winick,6.14,5,6.5,5.4
Gaspar Noé,7.35,2,7.4,7.3
Gavin Hood,6.88,4,7.3,6.7
Gavin O'Connor,6.98,5,8.2,5.8
Gavin Wiesen,6.6,1,6.6,6.6
Gene Quintano,6.1,1,6.1,6.1
Gene Teigland,5.6,1,5.6,5.6
Genndy Tartakovsky,6.9,2,7.1,6.7
Geoff Murphy,5.4,1,5.4,5.4
Geoffrey Sax,5.3,2,5.5,5.1
Georg Wilhelm Pabst,8.0,1,8.0,8.0
George A. Romero,6.64,8,8.0,5.0
George Armitage,6.15,2,7.4,4.9
George Clooney,6.76,5,7.5,6.0
George Cukor,7.9,1,7.9,7.9
George Gallo,5.95,2,6.6,5.3
George Hickenlooper,6.3,2,6.4,6.2
George Jackson,5.1,1,5.1,5.1
George Lucas,7.4,5,8.7,6.5
George Miller,6.8,8,8.1,5.8
George Nolfi,7.1,1,7.1,7.1
George P. Cosmatos,6.37,3,7.8,4.9
George Ratliff,5.3,1,5.3,5.3
George Roy Hill,8.2,2,8.3,8.1
George Sidney,6.83,3,7.0,6.5
George Stevens,6.6,1,6.6,6.6
George Tillman Jr.,6.92,4,7.2,6.5
Georgia Hilton,2.2,1,2.2,2.2
Gerald Potterton,6.7,1,6.7,6.7
Gerard Johnstone,6.8,1,6.8,6.8
Gerry Lively,4.9,1,4.9,4.9
Gia Coppola,6.3,1,6.3,6.3
Gideon Raff,4.8,1,4.8,4.8
Gil Junger,6.0,2,7.2,4.8
Gil Kenan,6.55,2,6.6,6.5
Gilles Paquet-Brenner,7.5,1,7.5,7.5
Gillian Armstrong,7.0,2,7.3,6.7
Gillian Robespierre,6.8,1,6.8,6.8
Gina Prince-Bythewood,7.13,3,7.3,6.9
Giovanni Zelko,7.6,1,7.6,7.6
Giuliano Montaldo,6.2,1,6.2,6.2
Giuseppe Tornatore,7.8,1,7.8,7.8
Glen Morgan,5.35,2,6.2,4.5
Glenn Ficarra,6.87,3,7.4,6.6
Gnana Rajasekaran,7.0,1,7.0,7.0
Gonzalo López-Gallego,5.2,1,5.2,5.2
Goran Dukic,7.4,1,7.4,7.4
Gordon Chan,5.2,1,5.2,5.2
Gore Verbinski,6.99,7,8.1,6.1
Graham Annable,6.8,1,6.8,6.8
Grant Heslov,6.2,1,6.2,6.2
Greg Berlanti,7.0,1,7.0,7.0
Greg Coolidge,5.5,1,5.5,5.5
Greg Harrison,6.0,2,6.5,5.5
Greg Marcks,7.2,1,7.2,7.2
Greg Mottola,7.13,3,7.6,6.8
Greg Tiernan,7.5,1,7.5,7.5
Gregor Jordan,6.0,2,6.9,5.1
Gregory Hoblit,6.6,3,7.3,6.2
Gregory Jacobs,5.7,1,5.7,5.7
Gregory Nava,6.7,1,6.7,6.7
Gregory Poirier,5.3,1,5.3,5.3
Gregory Widen,6.6,1,6.6,6.6
Griffin Dunne,5.9,2,6.1,5.7
Guillaume Canet,6.8,2,7.1,6.5
Guillaume Ivernel,6.6,1,6.6,6.6
Guillermo del Toro,7.14,5,8.2,6.7
Gurinder Chadha,6.1,3,6.7,5.4
Gus Van Sant,7.13,7,8.3,6.2
Guy Hamilton,6.95,6,7.8,6.3
Guy Maddin,7.0,1,7.0,7.0
Guy Ritchie,7.11,7,8.3,3.6
Gérard Krawczyk,6.6,1,6.6,6.6
H.M. Coakley,4.9,1,4.9,4.9
Hal Haberman,6.9,1,6.9,6.9
Hal Needham,3.5,1,3.5,3.5
Ham Tran,7.4,1,7.4,7.4
Hank Braxtan,4.0,1,4.0,4.0
Hans Canosa,7.1,1,7.1,7.1
Hans Petter Moland,7.3,1,7.3,7.3
Hao Ning,7.55,2,7.7,7.4
Harald Reinl,6.0,1,6.0,6.0
Harald Zwart,5.5,2,6.0,5.0
Hark Tsui,4.8,1,4.8,4.8
Harley Cokeliss,5.6,1,5.6,5.6
Harmage Singh Kalirai,5.8,1,5.8,5.8
Harmony Korine,5.3,1,5.3,5.3
Harold Becker,6.14,5,6.8,5.5
Harold Cronk,3.4,1,3.4,3.4
Harold Ramis,6.55,8,8.1,4.9
Harry Beaumont,6.3,1,6.3,6.3
Harry Elfont,5.9,2,6.5,5.3
Harry F. Millarde,4.8,1,4.8,4.8
Harry Gantz,4.7,1,4.7,4.7
Hart Bochner,6.5,1,6.5,6.5
Hayao Miyazaki,8.22,4,8.6,7.7
Hayley Cloake,4.3,1,4.3,4.3
Heidi Ewing,6.4,1,6.4,6.4
Henry Alex Rubin,7.8,1,7.8,7.8
Henry Bean,7.2,1,7.2,7.2
Henry Hathaway,7.1,1,7.1,7.1
Henry Hobson,5.6,1,5.6,5.6
Henry Jaglom,7.0,1,7.0,7.0
Henry Joost,5.83,3,7.1,4.6
Henry King,7.0,1,7.0,7.0
Henry Koster,6.8,1,6.8,6.8
Henry Selick,6.2,2,7.7,4.7
Herb Freed,4.5,1,4.5,4.5
Herbert Ross,6.5,1,6.5,6.5
Hideaki Anno,8.2,1,8.2,8.2
Hideo Nakata,5.4,1,5.4,5.4
Hilary Brougher,6.3,1,6.3,6.3
Hironobu Sakaguchi,6.4,1,6.4,6.4
Hitoshi Matsumoto,6.1,1,6.1,6.1
Hong-jin Na,7.7,1,7.7,7.7
Howard Deutch,5.97,3,6.5,5.5
Howard Hawks,7.8,1,7.8,7.8
Howard Hughes,7.8,1,7.8,7.8
Howard Zieff,6.45,2,6.8,6.1
Hoyt Yeatman,5.1,1,5.1,5.1
Hsiao-Hsien Hou,6.4,1,6.4,6.4
Huck Botko,4.6,1,4.6,4.6
Hue Rhodes,5.8,1,5.8,5.8
Hugh Hudson,6.4,2,7.2,5.6
Hugh Johnson,5.2,1,5.2,5.2
Hugh Wilson,5.82,4,6.7,3.8
Hunter Richards,6.6,1,6.6,6.6
Hyung-rae Shim,3.6,2,3.6,3.6
Iain Softley,6.55,4,7.4,6.1
Ian Fitzgibbon,6.4,1,6.4,6.4
Ian Iqbal Rashid,3.3,1,3.3,3.3
Ian Sharp,6.5,1,6.5,6.5
Ice Cube,5.6,1,5.6,5.6
Igor Kovalyov,5.9,1,5.9,5.9
Ingmar Bergman,8.2,1,8.2,8.2
Inna Evlannikova,5.2,1,5.2,5.2
Ira Sachs,6.15,2,6.3,6.0
Irvin Kershner,7.5,2,8.8,6.2
Irwin Winkler,6.45,4,7.5,5.8
Isaac Florentine,4.9,1,4.9,4.9
Isabel Coixet,7.6,1,7.6,7.6
István Szabó,7.1,1,7.1,7.1
Ivan Engler,6.2,1,6.2,6.2
Ivan Kavanagh,6.7,1,6.7,6.7
Ivan Reitman,6.08,8,6.9,5.1
J Blakeson,5.2,1,5.2,5.2
J. Lee Thompson,5.8,2,6.1,5.5
J.A. Bayona,7.55,2,7.6,7.5
J.B. Rogers,5.65,2,6.4,4.9
J.C. Chandor,7.0,3,7.1,6.9
J.J. Abrams,7.45,4,8.0,6.9
J.S. Cardone,5.3,1,5.3,5.3
JK Youn,5.7,1,5.7,5.7
Jack Conway,7.1,1,7.1,7.1
Jack Heller,6.6,1,6.6,6.6
Jack Perez,6.4,1,6.4,6.4
Jack Sholder,5.4,1,5.4,5.4
Jack Smight,6.1,2,7.0,5.2
Jackie Earle Haley,5.8,1,5.8,5.8
Jaco Booyens,6.9,1,6.9,6.9
Jacob Aaron Estes,7.3,1,7.3,7.3
Jacques Perrin,7.9,2,8.0,7.8
Jafar Panahi,7.5,1,7.5,7.5
Jaime Zevallos,7.6,1,7.6,7.6
Jake Goldberger,5.9,1,5.9,5.9
Jake Kasdan,6.12,4,7.0,5.1
Jake Paltrow,5.9,1,5.9,5.9
Jake Schreier,6.75,2,7.1,6.4
Jake Scott,7.0,1,7.0,7.0
Jamaa Fanaka,5.8,1,5.8,5.8
Jamal Hill,7.2,1,7.2,7.2
Jamel Debbouze,4.9,1,4.9,4.9
James Algar,7.5,3,7.8,7.3
James Bidgood,6.7,1,6.7,6.7
James Bobin,6.63,3,7.1,6.4
James Bridges,5.6,1,5.6,5.6
James Cameron,7.91,7,8.5,7.2
James Cox,6.2,3,6.6,5.7
James David Pasternak,6.2,1,6.2,6.2
James DeMonaco,6.1,3,6.5,5.7
James Dodson,6.2,1,6.2,6.2
James Fargo,6.5,1,6.5,6.5
James Foley,6.83,3,7.8,6.0
James Frawley,7.7,1,7.7,7.7
James Gartner,7.2,1,7.2,7.2
James Gray,6.75,4,7.1,6.4
James Gunn,7.13,3,8.1,6.5
James Isaac,4.4,1,4.4,4.4
James Ivory,7.06,7,7.9,5.7
James Kerwin,5.4,1,5.4,5.4
James L. Brooks,6.5,3,7.7,5.3
James Manera,4.4,1,4.4,4.4
James Mangold,7.08,8,7.9,6.3
James Marsh,7.75,2,7.8,7.7
James Mather,6.1,1,6.1,6.1
James McTeigue,6.65,4,8.2,5.6
James Melkonian,4.6,1,4.6,4.6
James Mottern,6.7,1,6.7,6.7
James Nunn,5.4,1,5.4,5.4
James O'Brien,4.0,1,4.0,4.0
James Ponsoldt,7.1,1,7.1,7.1
James Schamus,7.8,1,7.8,7.8
James Toback,5.25,2,5.6,4.9
James Wan,7.2,7,7.8,6.6
James Watkins,6.6,2,6.8,6.4
James Wong,5.28,4,6.7,2.7
Jamie Babbit,6.5,2,6.6,6.4
Jamie Blanks,5.1,2,5.5,4.7
Jamie Thraves,6.0,1,6.0,6.0
Jamie Travis,6.0,1,6.0,6.0
Jamin Winans,7.0,1,7.0,7.0
Jan de Bont,5.52,5,7.2,3.7
Jane Campion,6.63,3,7.6,5.3
Janusz Kaminski,4.8,1,4.8,4.8
Jared Hess,6.23,3,6.9,5.7
Jason Alexander,6.7,1,6.7,6.7
Jason Bateman,6.7,1,6.7,6.7
Jason Connery,3.8,1,3.8,3.8
Jason Eisener,6.1,1,6.1,6.1
Jason Friedberg,2.6,4,3.5,1.9
Jason Miller,7.6,1,7.6,7.6
Jason Moore,7.2,1,7.2,7.2
Jason Naumann,6.9,1,6.9,6.9
Jason Reitman,7.2,6,7.6,6.3
Jason Stone,5.8,1,5.8,5.8
Jason Trost,4.0,1,4.0,4.0
Jason Zada,4.8,1,4.8,4.8
Jaume Balagueró,6.68,4,7.5,5.4
Jaume Collet-Serra,6.48,8,7.0,5.3
Jay Alaimo,4.6,1,4.6,4.6
Jay Chandrasekhar,6.02,4,7.1,5.1
Jay Duplass,6.35,4,6.6,6.0
Jay Levey,7.0,1,7.0,7.0
Jay Oliva,8.4,1,8.4,8.4
Jay Roach,6.49,8,7.0,5.9
Jay Russell,6.73,3,7.0,6.5
Je-kyu Kang,8.1,1,8.1,8.1
Jean-François Richet,6.3,1,6.3,6.3
Jean-Jacques Annaud,7.28,4,7.6,7.0
Jean-Jacques Mantello,6.5,1,6.5,6.5
Jean-Luc Godard,7.55,2,7.7,7.4
Jean-Marc Vallée,7.47,3,8.0,7.1
Jean-Marie Poiré,6.27,3,7.0,5.8
Jean-Paul Rappeneau,7.0,2,7.1,6.9
Jean-Pierre Jeunet,7.34,5,8.4,6.3
Jeannot Szwarc,6.5,2,7.3,5.7
Jeb Stuart,6.55,2,6.7,6.4
Jee-woon Kim,6.85,2,7.3,6.4
Jeff Burr,5.9,1,5.9,5.9
Jeff Crook,4.6,1,4.6,4.6
Jeff Franklin,5.8,1,5.8,5.8
Jeff Garlin,6.2,1,6.2,6.2
Jeff Kanew,5.5,1,5.5,5.5
Jeff Lowell,5.2,1,5.2,5.2
Jeff Nathanson,5.7,1,5.7,5.7
Jeff Nichols,7.2,4,7.4,6.7
Jeff Schaffer,6.6,1,6.6,6.6
Jeff Tremaine,6.85,4,7.1,6.6
Jeff Wadlow,6.37,3,6.6,5.9
Jeffrey St. Jules,5.4,1,5.4,5.4
Jeffrey W. Byrd,4.1,1,4.1,4.1
Jehane Noujaim,8.1,1,8.1,8.1
Jem Cohen,6.0,1,6.0,6.0
Jennifer Finnigan,4.5,1,4.5,4.5
Jennifer Flackett,6.0,1,6.0,6.0
Jennifer Wynne Farmer,6.5,1,6.5,6.5
Jennifer Yuh Nelson,7.3,1,7.3,7.3
Jeremy Brock,6.8,1,6.8,6.8
Jeremy Degruson,6.3,1,6.3,6.3
Jeremy Leven,6.8,1,6.8,6.8
Jeremy Saulnier,7.1,2,7.1,7.1
Jeremy Sims,7.1,1,7.1,7.1
Jerome Elston Scott,7.2,1,7.2,7.2
Jerome Robbins,7.6,1,7.6,7.6
Jerry Belson,6.2,1,6.2,6.2
Jerry Dugan,3.4,1,3.4,3.4
Jerry Jameson,5.0,2,5.3,4.7
Jerry Rees,7.3,1,7.3,7.3
Jerry Zaks,6.7,1,6.7,6.7
Jerry Zucker,6.43,3,7.0,5.9
Jesse Dylan,6.03,3,6.3,5.6
Jesse Peretz,5.95,2,6.4,5.5
Jesse Vaughan,4.5,1,4.5,4.5
Jessica Bendinger,6.4,1,6.4,6.4
Jessie Nelson,6.65,2,7.6,5.7
Jessy Terrero,4.4,1,4.4,4.4
Jeta Amata,5.6,1,5.6,5.6
Jez Butterworth,6.1,1,6.1,6.1
Jill Sprecher,6.75,2,7.1,6.4
Jim Abrahams,7.8,1,7.8,7.8
Jim Amatulli,4.5,1,4.5,4.5
Jim Chuchu,7.4,1,7.4,7.4
Jim Fall,5.3,1,5.3,5.3
Jim Field Smith,6.4,1,6.4,6.4
Jim Gillespie,5.45,2,5.6,5.3
Jim Goddard,3.0,1,3.0,3.0
Jim Hanon,7.0,1,7.0,7.0
Jim Issa,5.2,1,5.2,5.2
Jim Jarmusch,7.5,1,7.5,7.5
Jim Mickle,6.5,1,6.5,6.5
Jim Sheridan,6.3,4,7.1,5.0
Jim Sonzero,4.7,1,4.7,4.7
Jimmy Hayward,5.3,2,5.9,4.7
Jirí Menzel,7.4,1,7.4,7.4
Joachim Rønning,5.7,1,5.7,5.7
Joan Chen,5.5,1,5.5,5.5
Joby Harold,6.5,1,6.5,6.5
Jodie Foster,6.67,3,6.7,6.6
Jody Hill,5.8,1,5.8,5.8
Joe Berlinger,4.0,1,4.0,4.0
Joe Camp,6.1,1,6.1,6.1
Joe Carnahan,6.9,3,7.2,6.7
Joe Chappelle,4.9,1,4.9,4.9
Joe Charbanic,5.3,1,5.3,5.3
Joe Cornish,6.6,1,6.6,6.6
Joe Cross,7.6,1,7.6,7.6
Joe Dante,6.3,7,7.2,5.7
Joe Johnston,6.32,4,6.9,5.8
Joe Kenemore,8.2,1,8.2,8.2
Joe Marino,2.6,1,2.6,2.6
Joe Nussbaum,5.67,3,6.3,5.3
Joe Pytka,6.3,1,6.3,6.3
Joe Roth,5.45,2,5.7,5.2
Joe Swanberg,5.85,2,6.1,5.6
Joe Wright,6.76,7,7.8,5.8
Joel Anderson,6.1,1,6.1,6.1
Joel Coen,7.4,4,8.2,6.3
Joel Edgerton,7.1,2,7.1,7.1
Joel Gallen,5.7,1,5.7,5.7
Joel Paul Reisig,6.15,2,6.6,5.7
Joel Schumacher,6.41,13,7.4,3.7
Joel Zwick,5.45,2,6.6,4.3
Joey Lauren Adams,6.2,1,6.2,6.2
Johanna Schwartz,7.7,1,7.7,7.7
John 'Bud' Cardos,5.9,1,5.9,5.9
John A. Davis,5.95,2,6.0,5.9
John Badham,7.1,1,7.1,7.1
John Blanchard,9.5,1,9.5,9.5
John Bonito,4.7,1,4.7,4.7
John Boorman,5.73,3,7.4,3.7
John Cameron Mitchell,7.1,3,7.8,6.5
John Carl Buechler,5.3,1,5.3,5.3
John Carney,7.65,2,7.9,7.4
John Carpenter,6.83,12,8.2,4.9
John Cornell,5.5,1,5.5,5.5
John Cromwell,7.8,1,7.8,7.8
John Crowley,7.5,1,7.5,7.5
John Curran,6.45,2,7.5,5.4
John D. Hancock,6.6,1,6.6,6.6
John Dahl,6.8,4,7.4,6.5
John Duigan,5.8,1,5.8,5.8
John Eng,5.6,1,5.6,5.6
John Erick Dowdle,6.3,4,6.8,6.0
John Ford,7.55,4,8.1,6.9
John Fortenberry,6.2,1,6.2,6.2
John Francis Daley,6.1,1,6.1,6.1
John Frankenheimer,6.14,5,7.9,4.4
John G. Avildsen,7.5,3,8.1,7.2
John Gatins,6.9,1,6.9,6.9
John Glen,6.6,5,6.8,6.3
John Gray,5.3,1,5.3,5.3
John Guillermin,4.8,1,4.8,4.8
John Gulager,6.4,1,6.4,6.4
John H. Lee,6.8,1,6.8,6.8
John Hamburg,6.37,3,7.1,5.9
John Herzfeld,6.0,2,6.1,5.9
John Hillcoat,7.0,3,7.4,6.3
John Hoffman,5.1,1,5.1,5.1
John Huston,7.4,2,7.4,7.4
John Lafia,5.7,1,5.7,5.7
John Laing,6.3,1,6.3,6.3
John Landis,7.0,5,7.9,5.5
John Lasseter,7.38,5,8.3,6.3
John Lee Hancock,7.05,4,7.7,6.0
John Luessenhop,5.5,2,6.2,4.8
John Maclean,6.9,1,6.9,6.9
John Madden,6.78,5,7.3,5.9
John Maybury,7.1,1,7.1,7.1
John McNaughton,6.5,1,6.5,6.5
John McTiernan,6.63,10,8.2,3.0
John Michael McDonagh,7.3,1,7.3,7.3
John Milius,6.48,4,6.9,5.7
John Moore,5.8,4,6.4,5.3
John Murlowski,5.8,1,5.8,5.8
John Ottman,4.1,1,4.1,4.1
John Pasquin,5.63,3,6.4,5.0
John Patrick Shanley,7.5,1,7.5,7.5
John Polson,5.45,2,5.9,5.0
John Putch,5.5,1,5.5,5.5
John R. Leonetti,4.55,2,5.4,3.7
John Reinhardt,7.1,1,7.1,7.1
John Sayles,6.85,4,7.6,5.8
John Schlesinger,6.23,3,7.9,4.7
John Schultz,5.4,3,5.7,5.1
John Simpson,6.4,1,6.4,6.4
John Singleton,6.26,7,7.8,5.0
John Stainton,5.4,1,5.4,5.4
John Stephenson,5.8,1,5.8,5.8
John Stockwell,6.75,4,9.1,5.6
John Sturges,8.3,1,8.3,8.3
John Turturro,6.25,2,6.3,6.2
John Waters,6.33,3,6.7,6.1
John Wells,6.95,2,7.3,6.6
John Whitesell,4.88,5,5.4,4.4
John Woo,6.52,6,7.4,6.0
Johnnie To,7.3,1,7.3,7.3
Johnny Remo,5.6,1,5.6,5.6
Jon Amiel,6.2,4,6.6,5.4
Jon Avnet,6.0,3,6.1,5.9
Jon Cassar,6.3,1,6.3,6.3
Jon Favreau,7.13,7,7.9,6.1
Jon Gunn,6.03,3,6.6,5.6
Jon Hess,5.1,1,5.1,5.1
Jon Hurwitz,6.65,2,6.7,6.6
Jon Kasdan,6.5,1,6.5,6.5
Jon Knautz,5.63,3,6.0,5.4
Jon Lucas,6.3,2,6.7,5.9
Jon M. Chu,5.34,5,6.9,1.6
Jon Poll,7.0,1,7.0,7.0
Jon Shear,7.0,1,7.0,7.0
Jon Stewart,6.6,1,6.6,6.6
Jon Turteltaub,6.5,7,6.9,6.1
Jon Wright,6.3,1,6.3,6.3
Jonas Elmer,5.6,1,5.6,5.6
Jonas Åkerlund,6.45,2,6.8,6.1
Jonathan Caouette,7.2,1,7.2,7.2
Jonathan Dayton,7.9,1,7.9,7.9
Jonathan Demme,7.1,5,8.6,5.9
Jonathan English,6.2,1,6.2,6.2
Jonathan Frakes,5.85,4,7.6,4.2
Jonathan Glazer,6.57,3,7.3,6.1
Jonathan Hensleigh,6.5,1,6.5,6.5
Jonathan Jakubowicz,7.2,1,7.2,7.2
Jonathan Kaplan,6.4,1,6.4,6.4
Jonathan Kesselman,6.2,1,6.2,6.2
Jonathan Levine,6.8,4,7.7,5.6
Jonathan Liebesman,5.7,6,5.9,4.9
Jonathan Lynn,6.7,4,7.5,5.7
Jonathan Meyers,5.3,1,5.3,5.3
Jonathan Mostow,6.55,4,6.9,6.3
Jonathan Newman,5.4,1,5.4,5.4
Jonathan Parker,5.0,1,5.0,5.0
Jonathan Teplitzky,7.1,1,7.1,7.1
Jonathan Wacks,6.1,1,6.1,6.1
Joon-ho Bong,7.0,2,7.0,7.0
Jorge Blanco,6.1,1,6.1,6.1
Jorge Gaggero,7.2,1,7.2,7.2
Jorge R. Gutiérrez,7.3,1,7.3,7.3
Jorge Ramírez Suárez,7.7,1,7.7,7.7
Jorma Taccone,5.5,1,5.5,5.5
Josef Rusnak,7.0,1,7.0,7.0
Joseph Dorman,6.8,1,6.8,6.8
Joseph Gordon-Levitt,6.6,1,6.6,6.6
Joseph Green,4.1,1,4.1,4.1
Joseph Kahn,4.9,2,5.8,4.0
Joseph Kosinski,7.18,4,8.1,6.8
Joseph L. Mankiewicz,7.0,1,7.0,7.0
Joseph Mazzella,4.8,1,4.8,4.8
Joseph Ruben,5.6,1,5.6,5.6
Joseph Sargent,2.8,1,2.8,2.8
Joseph Zito,5.6,2,5.9,5.3
Josh Boone,7.8,1,7.8,7.8
Josh Gordon,6.2,2,6.3,6.1
Josh Schwartz,5.4,1,5.4,5.4
Josh Trank,5.7,2,7.1,4.3
Joshua Logan,6.7,1,6.7,6.7
Joshua Marston,7.5,1,7.5,7.5
Joshua Michael Stern,6.1,1,6.1,6.1
Joshua Oppenheimer,8.2,1,8.2,8.2
Joshua Seftel,5.7,1,5.7,5.7
Joshua Tickell,7.6,1,7.6,7.6
Joss Whedon,7.87,3,8.1,7.5
José Luis Valenzuela,3.6,1,3.6,3.6
José Padilha,6.83,3,8.1,6.2
Juan Carlos Fresnadillo,7.0,1,7.0,7.0
Juan José Campanella,7.45,2,8.2,6.7
Judd Apatow,6.6,5,7.1,6.2
Jugal Hansraj,5.3,1,5.3,5.3
Julian Gilbey,6.15,2,6.3,6.0
Julian Jarrold,7.1,2,7.1,7.1
Julian Schnabel,7.45,2,8.0,6.9
Julie Anne Robinson,5.55,2,5.8,5.3
Julie Davis,5.4,1,5.4,5.4
Julie Taymor,6.9,4,7.4,5.4
Julien Temple,6.6,1,6.6,6.6
Julio DePietro,5.9,1,5.9,5.9
Jun Falkenstein,6.3,1,6.3,6.3
Juraj Jakubisko,6.0,1,6.0,6.0
Justin Chadwick,6.9,2,7.1,6.7
Justin Dillon,7.5,1,7.5,7.5
Justin Kerrigan,7.1,1,7.1,7.1
Justin Lin,6.84,5,7.5,6.0
Justin Molotnikov,6.9,1,6.9,6.9
Justin Paul Miller,8.3,1,8.3,8.3
Justin Thomas Ostensen,4.5,1,4.5,4.5
Justin Tipping,7.8,1,7.8,7.8
Justin Zackham,5.6,1,5.6,5.6
Jérôme Deschamps,2.9,1,2.9,2.9
Jérôme Salle,6.7,1,6.7,6.7
K. King,3.5,1,3.5,3.5
Kabir Sadanand,4.7,1,4.7,4.7
Kaige Chen,5.6,1,5.6,5.6
Kar-Wai Wong,6.9,3,7.5,6.5
Karan Johar,7.0,2,8.0,6.0
Karen Moncrieff,6.7,2,6.7,6.7
Karey Kirkpatrick,5.6,1,5.6,5.6
Kari Skogland,6.9,1,6.9,6.9
Karim Aïnouz,6.1,1,6.1,6.1
Karyn Kusama,5.3,2,5.5,5.1
Kasi Lemmons,5.9,3,7.3,4.4
Kat Coiro,5.7,1,5.7,5.7
Kate Barker-Froyland,5.8,1,5.8,5.8
Kate Connor,5.9,1,5.9,5.9
Katherine Brooks,6.7,1,6.7,6.7
Katherine Dieckmann,4.7,1,4.7,4.7
Kathryn Bigelow,7.23,3,7.6,6.7
Katie Aselton,4.7,1,4.7,4.7
Katja von Garnier,5.5,1,5.5,5.5
Katsuhiro Ôtomo,7.5,2,8.1,6.9
Katt Shea,4.6,1,4.6,4.6
Kay Pollak,7.6,1,7.6,7.6
Keenen Ivory Wayans,5.18,4,5.8,4.3
Keith Gordon,5.6,1,5.6,5.6
Keith Parmer,4.6,1,4.6,4.6
Kelly Asbury,7.0,1,7.0,7.0
Kelly Makin,5.8,1,5.8,5.8
Kelly Reichardt,6.77,3,7.1,6.5
Ken Annakin,7.8,1,7.8,7.8
Ken Del Conte,4.3,1,4.3,4.3
Ken Kwapis,6.2,4,6.6,5.3
Ken Loach,7.5,1,7.5,7.5
Ken Roht,7.0,1,7.0,7.0
Ken Scott,5.9,2,6.4,5.4
Ken Shapiro,5.0,1,5.0,5.0
Kenneth Branagh,7.09,8,7.8,6.2
Kenneth Johnson,2.8,1,2.8,2.8
Kenneth Lonergan,7.1,2,7.7,6.5
Kenny Ortega,5.7,5,7.3,4.5
Kent Alterman,5.8,1,5.8,5.8
Kerry Conran,6.1,1,6.1,6.1
Kevin Allen,5.4,2,6.3,4.5
Kevin Bray,5.95,2,6.2,5.7
Kevin Brodie,6.3,1,6.3,6.3
Kevin Carraway,3.5,1,3.5,3.5
Kevin Costner,7.17,3,8.0,6.0
Kevin Donovan,5.3,1,5.3,5.3
Kevin Greutert,5.8,2,6.0,5.6
Kevin Hamedani,5.1,1,5.1,5.1
Kevin Hooks,5.3,1,5.3,5.3
Kevin Jordan,7.6,1,7.6,7.6
Kevin Lima,5.95,2,7.1,4.8
Kevin Macdonald,7.63,3,8.1,7.1
Kevin Munroe,5.7,2,6.3,5.1
Kevin Reynolds,6.68,5,7.7,6.1
Kevin Rodney Sullivan,5.7,3,5.9,5.5
Kevin Smith,6.57,12,7.8,4.8
Kevin Spacey,6.4,2,6.7,6.1
Kevin Tancharoen,5.2,2,5.4,5.0
Kevin Tenney,5.7,1,5.7,5.7
Khalid Mohamed,6.2,1,6.2,6.2
Khalil Sullins,5.6,1,5.6,5.6
Khyentse Norbu,7.5,1,7.5,7.5
Kief Davidson,6.8,1,6.8,6.8
Kim Farrant,5.2,1,5.2,5.2
Kim Nguyen,7.2,1,7.2,7.2
Kimberly Peirce,6.48,4,7.6,5.9
Kimble Rendall,5.2,1,5.2,5.2
King Vidor,7.13,3,8.3,6.2
Kinka Usher,6.0,1,6.0,6.0
Kirk De Micco,5.9,2,7.3,4.5
Kirk Jones,6.6,5,7.4,5.7
Kirk Loudon,5.0,1,5.0,5.0
Kirk Wong,6.1,1,6.1,6.1
Kirsten Sheridan,7.5,1,7.5,7.5
Kiyoshi Kurosawa,7.4,1,7.4,7.4
Klaus Menzel,3.3,1,3.3,3.3
Kris Isacsson,4.9,1,4.9,4.9
Kristin Rizzo,8.0,1,8.0,8.0
Kriv Stenders,7.5,1,7.5,7.5
Kundan Shah,2.8,1,2.8,2.8
Kunihiko Yuyama,5.6,1,5.6,5.6
Kurt Hale,6.2,2,6.4,6.0
Kurt Voss,6.1,1,6.1,6.1
Kurt Wimmer,5.95,2,7.5,4.4
Kyle Balda,6.4,1,6.4,6.4
Lajos Koltai,7.1,1,7.1,7.1
Lana Wachowski,6.92,6,8.7,5.4
Lance Hool,6.2,1,6.2,6.2
Lance Kawas,6.2,1,6.2,6.2
Lance McDaniel,8.0,1,8.0,8.0
Lance Mungia,6.7,1,6.7,6.7
Lance Rivera,3.6,1,3.6,3.6
Larry Blamire,7.0,1,7.0,7.0
Larry Charles,6.54,5,7.7,5.5
Larry Clark,7.0,2,7.0,7.0
Lars von Trier,7.5,3,8.0,7.1
Laslo Benedek,6.8,1,6.8,6.8
Lasse Hallström,7.11,9,8.1,6.3
Lauren Lazin,8.0,1,8.0,8.0
Laurence Dunmore,6.4,1,6.4,6.4
Laurent Bouhnik,5.6,1,5.6,5.6
Laurent Cantet,7.5,1,7.5,7.5
Laurent Tirard,7.25,2,7.3,7.2
Laurie Collyer,6.6,1,6.6,6.6
Lawrence Guterman,3.7,2,5.2,2.2
Lawrence Kasanoff,1.7,1,1.7,1.7
Lawrence Kasdan,6.26,5,7.2,5.1
Lee Daniels,7.27,3,7.3,7.2
Lee Tamahori,6.14,5,7.1,4.3
Lee Toland Krieger,6.95,2,7.2,6.7
Lee Unkrich,8.3,1,8.3,8.3
Leigh Whannell,6.1,1,6.1,6.1
Len Wiseman,7.0,3,7.2,6.8
Lena Dunham,6.3,1,6.3,6.3
Lenny Abrahamson,8.3,1,8.3,8.3
Leon Ford,6.1,1,6.1,6.1
Leon Ichaso,5.9,1,5.9,5.9
Leonard Farlinger,5.3,1,5.3,5.3
Leonard Nimoy,6.6,3,7.3,5.9
Leos Carax,7.1,1,7.1,7.1
Les Mayfield,5.5,5,6.3,4.5
Leslie H. Martinson,6.5,1,6.5,6.5
Leslie Small,7.1,2,7.5,6.7
Leslye Headland,5.3,1,5.3,5.3
Levan Gabriadze,5.7,1,5.7,5.7
Lewis Gilbert,6.77,3,7.1,6.3
Lexi Alexander,6.0,1,6.0,6.0
Li Zhang,6.0,1,6.0,6.0
Lijun Sun,3.2,1,3.2,3.2
Liliana Cavani,6.7,1,6.7,6.7
Linda Mendoza,4.8,1,4.8,4.8
Lionel C. Martin,5.3,1,5.3,5.3
Lisa Azuelos,4.3,1,4.3,4.3
Lisa Cholodenko,7.1,1,7.1,7.1
Lisanne Pajot,7.7,1,7.7,7.7
Liv Ullmann,5.6,1,5.6,5.6
Livingston Oden,6.8,1,6.8,6.8
Liz Friedlander,6.7,1,6.7,6.7
Lloyd Bacon,7.7,1,7.7,7.7
Lloyd Kaufman,6.2,1,6.2,6.2
Lluís Quílez,4.7,1,4.7,4.7
Lone Scherfig,7.15,2,7.3,7.0
Lorene Scafaria,6.7,1,6.7,6.7
Lori Petty,6.5,1,6.5,6.5
Lori Silverbush,6.9,1,6.9,6.9
Louis C.K.,5.2,1,5.2,5.2
Louis Leterrier,6.54,7,7.3,5.8
Louis Morneau,3.6,1,3.6,3.6
Lowell Sherman,6.5,1,6.5,6.5
Luc Besson,6.6,5,7.7,6.0
Luc Jacquet,7.6,1,7.6,7.6
Luca Guadagnino,7.0,1,7.0,7.0
Lucile Hadzihalilovic,6.4,1,6.4,6.4
Lucio Fulci,6.9,1,6.9,6.9
Lucky McKee,6.7,1,6.7,6.7
Lucrecia Martel,6.7,1,6.7,6.7
Luis Llosa,5.0,2,5.4,4.6
Luis Mandoki,5.85,2,6.1,5.6
Luis Valdez,6.8,1,6.8,6.8
Lukas Moodysson,7.9,1,7.9,7.9
Luke Dye,5.2,1,5.2,5.2
Luke Greenfield,6.0,4,6.8,4.8
Lynn Shelton,6.7,1,6.7,6.7
Lynne Ramsay,7.1,2,7.5,6.7
Léa Pool,6.85,2,7.4,6.3
M. Night Shyamalan,6.04,9,8.1,4.2
Mabel Cheung,6.2,1,6.2,6.2
Mabrouk El Mechri,4.9,1,4.9,4.9
Maggie Carey,5.8,1,5.8,5.8
Maggie Greenwald,7.3,1,7.3,7.3
Majid Majidi,8.5,1,8.5,8.5
Maksim Fadeev,4.1,1,4.1,4.1
Malcolm D. Lee,5.79,7,6.7,3.5
Malcolm Goodwin,5.5,1,5.5,5.5
Mamoru Hosoda,5.9,1,5.9,5.9
Marc Abraham,7.0,1,7.0,7.0
Marc Bennett,6.7,1,6.7,6.7
Marc F. Adler,4.4,1,4.4,4.4
Marc Forby,6.2,1,6.2,6.2
Marc Forster,7.15,8,7.8,6.6
Marc Lawrence,5.77,3,6.5,4.7
Marc Levin,7.2,1,7.2,7.2
Marc Schölermann,6.0,1,6.0,6.0
Marc Webb,7.13,3,7.7,6.7
Marcio Garcia,5.5,1,5.5,5.5
Marco Kreuzpaintner,7.45,2,7.5,7.4
Marco Schnabel,3.8,1,3.8,3.8
Marcos Siega,4.1,1,4.1,4.1
Marcus Dunstan,6.1,1,6.1,6.1
Marcus Nispel,4.6,1,4.6,4.6
Marcus Raboy,5.5,2,5.8,5.2
Maria Maggenti,6.5,1,6.5,6.5
Marianna Palka,6.5,1,6.5,6.5
Marielle Heller,6.9,1,6.9,6.9
Mariette Monpierre,6.7,1,6.7,6.7
Marilyn Agrelo,7.5,1,7.5,7.5
Mario Van Peebles,5.0,2,5.9,4.1
Marius A. Markevicius,8.4,1,8.4,8.4
Mark A.Z. Dippé,5.2,1,5.2,5.2
Mark Andrews,7.2,1,7.2,7.2
Mark Brown,5.2,2,6.1,4.3
Mark Christopher,5.8,1,5.8,5.8
Mark Dindal,6.67,3,7.3,5.8
Mark Griffiths,6.3,1,6.3,6.3
Mark Helfrich,5.6,1,5.6,5.6
Mark Herman,7.4,2,7.8,7.0
Mark Illsley,6.3,1,6.3,6.3
Mark L. Lester,6.32,4,6.7,6.0
Mark Mylod,6.0,1,6.0,6.0
Mark Neveldine,5.56,5,7.0,4.3
Mark Osborne,7.7,2,7.8,7.6
Mark Pellington,6.85,2,7.2,6.5
Mark Piznarski,5.1,1,5.1,5.1
Mark Romanek,7.0,2,7.2,6.8
Mark Rosman,5.7,2,5.9,5.5
Mark Rydell,6.9,1,6.9,6.9
Mark Sandrich,7.8,1,7.8,7.8
Mark Steven Johnson,6.05,2,6.9,5.2
Mark Tarlov,5.3,1,5.3,5.3
Mark Tonderai,5.6,1,5.6,5.6
Mark Waters,6.3,6,7.0,5.4
Mark Young,5.4,1,5.4,5.4
Mars Callahan,7.0,1,7.0,7.0
Martha Coolidge,5.9,1,5.9,5.9
Martin Brest,6.1,4,7.6,2.4
Martin Campbell,6.71,9,8.0,5.6
Martin Koolhoven,7.1,1,7.1,7.1
Martin Lawrence,5.6,1,5.6,5.6
Martin McDonagh,7.6,2,8.0,7.2
Martin Ritt,7.4,2,7.9,6.9
Martin Scorsese,7.66,20,8.7,6.7
Martin Weisz,5.1,1,5.1,5.1
Martyn Pick,5.7,1,5.7,5.7
Mary Harron,7.6,1,7.6,7.6
Mary Lambert,5.6,2,6.6,4.6
Mary McGuckian,5.1,1,5.1,5.1
Mary Pat Kelly,5.8,1,5.8,5.8
Maryam Keshavarz,5.9,1,5.9,5.9
Masayuki Ochiai,5.2,1,5.2,5.2
Mateo Gil,6.6,1,6.6,6.6
Mathieu Amalric,6.3,1,6.3,6.3
Mathieu Kassovitz,5.7,2,5.8,5.6
Matt Bettinelli-Olpin,4.0,1,4.0,4.0
Matt Birch,6.95,2,7.5,6.4
Matt Cimber,4.5,1,4.5,4.5
Matt Dillon,6.0,1,6.0,6.0
Matt Jackson,5.4,1,5.4,5.4
Matt Johnson,6.7,1,6.7,6.7
Matt Maiellaro,6.9,1,6.9,6.9
Matt Piedmont,5.5,1,5.5,5.5
Matt Reeves,6.68,4,7.6,4.9
Matt Walsh,5.4,1,5.4,5.4
Matt Williams,6.8,1,6.8,6.8
Matthew Bright,6.9,1,6.9,6.9
Matthew Diamond,6.7,1,6.7,6.7
Matthew Hastings,4.6,1,4.6,4.6
Matthew O'Callaghan,6.6,1,6.6,6.6
Matthew R. Anderson,3.0,1,3.0,3.0
Matthew Robbins,6.7,1,6.7,6.7
Matthew Vaughn,7.65,4,7.8,7.4
Matthew Watts,6.8,1,6.8,6.8
Matty Rich,6.2,2,6.5,5.9
Maurice Joyce,5.0,1,5.0,5.0
Maurizio Benazzo,7.2,1,7.2,7.2
Max Färberböck,7.3,1,7.3,7.3
Max Joseph,6.1,1,6.1,6.1
Max Mayer,7.2,1,7.2,7.2
Maïwenn,7.3,1,7.3,7.3
McG,6.08,6,7.1,4.8
Meiert Avis,4.2,1,4.2,4.2
Mel Brooks,7.2,6,8.0,6.7
Mel Gibson,7.77,3,8.4,7.1
Mel Smith,6.2,1,6.2,6.2
Mel Stuart,7.8,1,7.8,7.8
Melville Shavelson,7.2,1,7.2,7.2
Melvin Van Peebles,5.5,1,5.5,5.5
Mennan Yapo,5.9,1,5.9,5.9
Menno Meyjes,6.8,1,6.8,6.8
Mervyn LeRoy,7.2,1,7.2,7.2
Mic Rodgers,4.1,1,4.1,4.1
Michael Anderson,6.8,1,6.8,6.8
Michael Apted,6.52,6,7.5,5.6
Michael Bay,6.64,13,7.4,5.7
Michael Burke,7.2,1,7.2,7.2
Michael Caton-Jones,5.9,4,6.9,4.2
Michael Chapman,5.3,1,5.3,5.3
Michael Cimino,8.2,1,8.2,8.2
Michael Clancy,6.7,1,6.7,6.7
Michael Cohn,6.3,1,6.3,6.3
Michael Corrente,6.4,2,6.4,6.4
Michael Crichton,7.0,1,7.0,7.0
Michael Cristofer,6.0,1,6.0,6.0
Michael Cuesta,7.1,2,7.2,7.0
Michael Curtiz,7.43,3,8.6,6.6
Michael D. Sellers,5.7,1,5.7,5.7
Michael Dinner,5.6,1,5.6,5.6
Michael Dougherty,6.2,1,6.2,6.2
Michael Dowse,6.85,2,7.4,6.3
Michael Gornick,6.0,1,6.0,6.0
Michael Haneke,7.4,3,7.9,6.5
Michael Herz,5.65,2,6.2,5.1
Michael Hoffman,6.87,3,7.0,6.7
Michael Hoffman Jr.,3.5,1,3.5,3.5
Michael J. Bassett,5.0,1,5.0,5.0
Michael Jai White,5.8,1,5.8,5.8
Michael Kang,6.8,1,6.8,6.8
Michael Landon Jr.,6.55,2,7.2,5.9
Michael Lehmann,5.63,3,5.7,5.6
Michael Lembeck,5.9,2,6.3,5.5
Michael Mann,7.08,6,7.9,5.4
Michael Martin,3.9,1,3.9,3.9
Michael Mayer,6.5,2,6.8,6.2
Michael McCullers,6.0,1,6.0,6.0
Michael McGowan,7.6,1,7.6,7.6
Michael Meredith,5.5,1,5.5,5.5
Michael Moore,7.28,6,8.0,5.3
Michael O. Sajbel,6.85,2,7.4,6.3
Michael Patrick Jann,6.5,1,6.5,6.5
Michael Patrick King,4.3,1,4.3,4.3
Michael Polish,5.78,5,7.3,4.3
Michael Pressman,6.0,1,6.0,6.0
Michael Radford,6.8,2,7.1,6.5
Michael Ritchie,6.2,3,7.3,5.4
Michael Roemer,8.1,1,8.1,8.1
Michael Rymer,5.65,2,6.1,5.2
Michael Schultz,6.8,3,6.9,6.6
Michael Spierig,6.5,1,6.5,6.5
Michael Sucsy,6.8,1,6.8,6.8
Michael Taliferro,3.4,1,3.4,3.4
Michael Tiddes,4.43,3,5.1,3.5
Michael Tollin,5.9,2,6.9,4.9
Michael Wadleigh,8.1,1,8.1,8.1
Michael Walker,4.5,1,4.5,4.5
Michael Winner,4.0,1,4.0,4.0
Michael Winnick,4.2,1,4.2,4.2
Michael Winterbottom,6.18,6,6.8,4.7
Michel Gondry,6.93,4,8.3,5.8
Michel Hazanavicius,8.0,1,8.0,8.0
Michel Leclerc,7.2,1,7.2,7.2
Michel Orion Scott,7.4,1,7.4,7.4
Mick Jackson,5.75,2,6.1,5.4
Mickey Liddell,3.8,1,3.8,3.8
Miguel Arteta,6.42,5,6.6,6.2
Miguel Sapochnik,6.3,1,6.3,6.3
Mikael Håfström,6.52,4,6.8,6.0
Mikael Salomon,5.8,1,5.8,5.8
Mike Barker,6.7,1,6.7,6.7
Mike Bigelow,4.6,1,4.6,4.6
Mike Binder,7.0,3,7.5,6.6
Mike Bruce,4.1,1,4.1,4.1
Mike Cahill,7.15,2,7.3,7.0
Mike Disa,4.8,1,4.8,4.8
Mike Figgis,6.5,2,7.6,5.4
Mike Flanagan,6.15,2,6.5,5.8
Mike Gabriel,6.6,1,6.6,6.6
Mike Hodges,6.4,1,6.4,6.4
Mike Judge,6.85,4,7.8,6.2
Mike Leigh,7.36,5,7.7,6.8
Mike Marvin,5.9,1,5.9,5.9
Mike Mayhall,8.6,1,8.6,8.6
Mike McCoy,6.5,1,6.5,6.5
Mike Mills,6.9,2,7.2,6.6
Mike Mitchell,5.68,4,6.4,4.4
Mike Nawrocki,6.15,2,6.6,5.7
Mike Newell,6.84,7,7.8,6.0
Mike Nichols,6.68,6,7.3,5.6
Mike van Diem,7.8,1,7.8,7.8
Mikel Rueda,7.2,1,7.2,7.2
Milos Forman,8.13,3,8.7,7.4
Mimi Leder,6.4,3,7.2,5.9
Mira Nair,6.68,5,7.6,6.0
Miranda July,7.4,1,7.4,7.4
Mitch Davis,5.8,2,6.5,5.1
Mitchell Altieri,8.7,1,8.7,8.7
Mitchell Lichtenstein,5.4,1,5.4,5.4
Molly Bernstein,7.1,1,7.1,7.1
Mona Fastvold,4.9,1,4.9,4.9
Monte Hellman,6.2,1,6.2,6.2
Mor Loushy,7.2,1,7.2,7.2
Mora Stephens,5.7,1,5.7,5.7
Morgan J. Freeman,6.35,2,6.5,6.2
Morgan Neville,7.4,1,7.4,7.4
Morgan Spurlock,6.0,3,7.3,4.1
Mort Nathan,4.9,1,4.9,4.9
Morten Tyldum,7.85,2,8.1,7.6
Moustapha Akkad,8.4,1,8.4,8.4
Myles Berkowitz,5.3,1,5.3,5.3
Måns Mårlind,6.4,1,6.4,6.4
Nacho Vigalondo,7.2,1,7.2,7.2
Nadia Tass,7.2,1,7.2,7.2
Nadine Labaki,7.2,1,7.2,7.2
Nae Caranfil,7.1,1,7.1,7.1
Nancy Meyers,6.76,5,7.2,6.4
Nancy Walker,4.5,1,4.5,4.5
Nanette Burstein,6.3,1,6.3,6.3
Nat Faxon,7.4,1,7.4,7.4
Natalie Bible',3.2,1,3.2,3.2
Nate Parker,5.4,1,5.4,5.4
Nathan Frankowski,6.6,1,6.6,6.6
Nathan Greno,7.8,1,7.8,7.8
Nathan Smith Jones,5.7,1,5.7,5.7
Neal Brennan,5.8,1,5.8,5.8
Neema Barnette,5.3,1,5.3,5.3
Neil Burger,6.98,4,7.6,6.6
Neil Jordan,6.76,8,7.6,5.5
Neil LaBute,6.57,3,7.3,6.1
Neil Marshall,6.53,3,7.2,6.0
Neil Mcenery-West,4.8,1,4.8,4.8
Neill Blomkamp,7.17,3,8.0,6.6
Neill Dela Llana,6.3,1,6.3,6.3
Nelson McCormick,4.75,2,5.6,3.9
Newt Arnold,6.8,1,6.8,6.8
Niall Johnson,5.6,1,5.6,5.6
Nicholas Fackler,7.3,1,7.3,7.3
Nicholas Hytner,6.53,3,6.9,6.0
Nicholas Jarecki,6.6,1,6.6,6.6
Nicholas Meyer,7.45,2,7.7,7.2
Nicholas Ray,6.8,1,6.8,6.8
Nicholas Stoller,6.44,5,7.2,6.0
Nicholaus Goossen,7.0,1,7.0,7.0
Nick Cassavetes,7.08,4,7.9,6.0
Nick Gomez,5.6,1,5.6,5.6
Nick Hamm,4.8,1,4.8,4.8
Nick Hurran,5.2,1,5.2,5.2
Nick Love,5.5,2,6.1,4.9
Nick Murphy,6.5,1,6.5,6.5
Nick Tomnay,6.8,1,6.8,6.8
Nickolas Perry,5.2,1,5.2,5.2
Nicolae Constantin Tanase,6.5,1,6.5,6.5
Nicolas Winding Refn,6.9,4,7.8,5.7
Nicole Holofcener,6.66,5,7.1,5.9
Niels Arden Oplev,7.3,2,8.1,6.5
Nigel Cole,6.9,2,7.2,6.6
Niki Caro,7.43,3,7.6,7.3
Nils Gaup,6.7,1,6.7,6.7
Nima Nourizadeh,6.7,1,6.7,6.7
Nimród Antal,6.43,3,7.2,5.7
Nnegest Likké,3.0,1,3.0,3.0
Noah Baumbach,7.03,3,7.4,6.3
Noah Buschel,6.2,1,6.2,6.2
Noam Murro,6.2,1,6.2,6.2
Noel Marshall,6.4,1,6.4,6.4
Nora Ephron,6.17,3,7.0,5.0
Norman Ferguson,7.5,1,7.5,7.5
Norman Jewison,6.7,5,8.0,5.3
Ol Parker,7.05,2,7.2,6.9
Olatunde Osunsanmi,5.9,1,5.9,5.9
Ole Bornedal,5.9,1,5.9,5.9
Ole Christian Madsen,7.3,1,7.3,7.3
Oleg Stepchenko,5.4,1,5.4,5.4
Oliver Blackburn,5.2,1,5.2,5.2
Oliver Hirschbiegel,7.1,2,8.3,5.9
Oliver Parker,6.48,4,6.9,5.8
Oliver Stone,6.95,14,8.1,5.5
Olivier Assayas,7.1,2,7.3,6.9
Olivier Dahan,5.7,1,5.7,5.7
Olivier Megaton,6.23,3,6.4,6.0
Oren Moverman,7.2,1,7.2,7.2
Oren Peli,5.25,2,6.3,4.2
Orson Welles,7.7,1,7.7,7.7
Ossie Davis,6.6,1,6.6,6.6
P.J. Hogan,6.3,1,6.3,6.3
Pan Nalin,7.3,2,7.6,7.0
Panos Cosmatos,6.1,1,6.1,6.1
Paolo Monico,5.1,1,5.1,5.1
Paolo Sorrentino,7.7,1,7.7,7.7
Pascal Arnold,5.8,1,5.8,5.8
Pascal Chaumeil,6.3,1,6.3,6.3
Pat Holden,5.4,1,5.4,5.4
Pat O'Connor,6.7,1,6.7,6.7
Patrice Leconte,7.3,1,7.3,7.3
Patricia Cardoso,6.65,2,7.0,6.3
Patricia Riggen,7.03,3,7.4,6.8
Patricia Rozema,6.7,1,6.7,6.7
Patrick Creadon,7.4,1,7.4,7.4
Patrick Gilles,7.5,1,7.5,7.5
Patrick Gilmore,6.7,1,6.7,6.7
Patrick Hughes,6.1,1,6.1,6.1
Patrick Lussier,5.4,4,5.7,4.9
Patrick Meaney,7.4,1,7.4,7.4
Patrick Read Johnson,5.6,2,5.9,5.3
Patrick Ryan Sims,3.6,1,3.6,3.6
Patrick Stettner,6.15,2,6.4,5.9
Patrick Tatopoulos,6.6,1,6.6,6.6
Patty Jenkins,7.3,1,7.3,7.3
Paul Abascal,5.8,1,5.8,5.8
Paul Andrew Williams,6.6,2,7.0,6.2
Paul Bartel,6.2,1,6.2,6.2
Paul Bolger,4.5,1,4.5,4.5
Paul Bunnell,5.7,1,5.7,5.7
Paul Crowder,7.3,1,7.3,7.3
Paul Donovan,4.3,1,4.3,4.3
Paul Feig,5.9,5,6.8,5.1
Paul Fierlinger,6.9,1,6.9,6.9
Paul Fox,6.1,1,6.1,6.1
Paul Greengrass,7.59,7,8.1,6.9
Paul Gross,6.25,2,6.5,6.0
Paul Haggis,7.5,3,7.9,7.2
Paul Hunter,5.5,1,5.5,5.5
Paul King,7.2,1,7.2,7.2
Paul Mazursky,5.9,1,5.9,5.9
Paul McGuigan,6.92,5,7.8,6.0
Paul Michael Glaser,6.6,1,6.6,6.6
Paul Schrader,5.68,6,6.8,3.9
Paul Thomas Anderson,7.52,6,8.1,6.7
Paul Tibbitt,6.0,1,6.0,6.0
Paul Verhoeven,6.56,5,7.8,4.6
Paul W.S. Anderson,5.99,10,6.7,5.4
Paul Weiland,5.8,1,5.8,5.8
Paul Weitz,6.02,6,7.0,5.5
Pawel Pawlikowski,7.1,2,7.4,6.8
Pece Dingo,4.5,1,4.5,4.5
Pedro Almodóvar,7.6,1,7.6,7.6
Penelope Spheeris,7.0,1,7.0,7.0
Penny Marshall,6.75,4,7.3,6.1
Perry Andelin Blake,3.3,1,3.3,3.3
Perry Lang,5.8,1,5.8,5.8
Pete Docter,8.23,3,8.3,8.1
Pete Jones,6.5,1,6.5,6.5
Pete Travis,6.93,3,7.1,6.6
Peter Atencio,6.4,1,6.4,6.4
Peter Berg,6.67,6,7.6,5.9
Peter Billingsley,5.5,1,5.5,5.5
Peter Care,7.1,1,7.1,7.1
Peter Cattaneo,6.55,4,7.2,6.2
Peter Chelsom,5.78,5,7.3,4.2
Peter Cousens,6.2,1,6.2,6.2
Peter DeLuise,5.9,1,5.9,5.9
Peter Faiman,6.5,1,6.5,6.5
Peter Farrelly,7.3,1,7.3,7.3
Peter Flinth,6.6,1,6.6,6.6
Peter H. Hunt,7.6,1,7.6,7.6
Peter Hastings,4.0,1,4.0,4.0
Peter Hedges,6.85,2,7.1,6.6
Peter Hewitt,5.3,4,6.2,4.2
Peter Ho-Sun Chan,7.1,1,7.1,7.1
Peter Howitt,6.22,4,6.8,5.9
Peter Hyams,5.48,6,6.8,4.2
Peter Jackson,7.68,12,8.9,6.7
Peter Kassovitz,6.5,1,6.5,6.5
Peter Kosminsky,7.2,1,7.2,7.2
Peter Landesman,7.1,1,7.1,7.1
Peter Lepeniotis,5.8,1,5.8,5.8
Peter Lord,6.85,2,7.0,6.7
Peter M. Cohen,4.4,1,4.4,4.4
Peter MacDonald,5.7,1,5.7,5.7
Peter Medak,6.6,1,6.6,6.6
Peter R. Hunt,6.8,1,6.8,6.8
Peter Ramsey,7.3,1,7.3,7.3
Peter Segal,6.19,7,6.8,4.3
Peter Sohn,6.8,1,6.8,6.8
Peter Sollett,6.8,3,7.2,6.5
Peter Stebbings,6.8,1,6.8,6.8
Peter Webber,6.6,2,7.0,6.2
Peter Weir,7.72,4,8.1,7.4
Peter Yates,6.0,1,6.0,6.0
Petter Næss,7.6,1,7.6,7.6
Peyton Reed,6.48,4,7.4,5.8
Phil Alden Robinson,6.4,1,6.4,6.4
Phil Claydon,5.2,1,5.2,5.2
Phil Joanou,5.8,2,6.9,4.7
Phil Lord,7.28,4,7.8,7.0
Phil Morrison,5.6,1,5.6,5.6
Phil Traill,4.8,1,4.8,4.8
Philip G. Atwell,6.3,1,6.3,6.3
Philip Kaufman,7.65,2,7.9,7.4
Philip Saville,7.7,1,7.7,7.7
Philip Zlotorynski,3.3,1,3.3,3.3
Phillip Noyce,6.77,9,7.5,6.2
Phyllida Lloyd,6.35,2,6.4,6.3
Pierre Coffin,7.6,2,7.7,7.5
Pierre Morel,6.85,4,7.9,5.8
Pitof,3.3,1,3.3,3.3
Piyush Dinker Pandya,6.7,1,6.7,6.7
Pou-Soi Cheang,6.0,1,6.0,6.0
Prachya Pinkaew,7.1,1,7.1,7.1
Preston A. Whitmore II,4.1,2,6.1,2.1
Qasim Basir,6.7,1,6.7,6.7
Quentin Dupieux,5.8,1,5.8,5.8
Quentin Tarantino,8.2,8,8.9,7.5
R. Balki,7.2,1,7.2,7.2
R.J. Cutler,6.8,1,6.8,6.8
RZA,5.4,1,5.4,5.4
Rachel Goldenberg,2.5,1,2.5,2.5
Rachel Perkins,6.3,1,6.3,6.3
Rachel Talalay,5.05,2,5.2,4.9
Rafa Lara,6.2,1,6.2,6.2
Raja Gosnell,4.92,6,5.5,3.7
Raja Menon,8.5,1,8.5,8.5
Rajkumar Hirani,8.2,1,8.2,8.2
Rakesh Roshan,6.3,1,6.3,6.3
Rakeysh Omprakash Mehra,8.4,1,8.4,8.4
Ralph Fiennes,6.2,1,6.2,6.2
Ralph Nelson,7.1,1,7.1,7.1
Ralph Ziman,7.8,1,7.8,7.8
Ramaa Mosley,6.4,1,6.4,6.4
Rand Ravich,5.3,2,5.3,5.3
Randal Kleiser,6.53,3,7.2,5.7
Randall Miller,6.95,2,7.1,6.8
Randall Rubin,6.2,1,6.2,6.2
Randall Wallace,6.62,4,7.2,5.8
Randy Moore,5.2,1,5.2,5.2
Rania Attieh,6.3,1,6.3,6.3
Rawson Marshall Thurber,6.75,4,7.0,6.6
Ray Griggs,5.1,1,5.1,5.1
Ray Lawrence,6.4,1,6.4,6.4
Raymond De Felitta,7.4,1,7.4,7.4
Rebecca Miller,6.7,1,6.7,6.7
Reed Cowan,7.1,1,7.1,7.1
Regardt van den Bergh,6.9,1,6.9,6.9
Reginald Hudlin,5.27,3,5.4,5.1
Reinhard Klooss,4.9,1,4.9,4.9
Remo,6.4,1,6.4,6.4
Renny Harlin,5.75,15,7.1,4.2
René Féret,6.4,1,6.4,6.4
Rian Johnson,7.15,2,7.4,6.9
Ric Roman Waugh,6.5,2,6.5,6.5
Rich Christiano,5.6,1,5.6,5.6
Rich Cowan,6.5,1,6.5,6.5
Rich Moore,7.8,1,7.8,7.8
Richard Attenborough,7.6,4,8.1,7.4
Richard Ayoade,7.3,1,7.3,7.3
Richard Benjamin,4.73,3,6.2,2.8
Richard Boddington,4.7,1,4.7,4.7
Richard Brooks,7.8,4,8.1,7.2
Richard Curtis,7.63,3,7.8,7.4
Richard Donner,6.82,12,7.6,5.6
Richard Dutcher,7.2,1,7.2,7.2
Richard E. Grant,6.9,1,6.9,6.9
Richard Eyre,7.25,2,7.4,7.1
Richard Fleischer,6.54,5,7.5,5.0
Richard Glatzer,7.3,2,7.5,7.1
Richard J. Lewis,7.3,1,7.3,7.3
Richard Kelly,6.4,3,8.1,5.5
Richard Kwietniowski,7.15,2,7.2,7.1
Richard LaGravenese,6.66,5,7.5,5.9
Richard Lester,6.6,5,7.7,4.9
Richard Linklater,7.33,11,8.1,6.0
Richard Loncraine,6.53,3,7.5,5.8
Richard Marquand,8.4,1,8.4,8.4
Richard Montoya,6.3,1,6.3,6.3
Richard Raymond,6.0,1,6.0,6.0
Richard Rich,6.0,1,6.0,6.0
Richard Schenkman,6.4,2,8.0,4.8
Richard Shepard,6.63,3,6.9,6.2
Richard Wallace,6.2,1,6.2,6.2
Richard Williams,7.2,1,7.2,7.2
Rick Bieber,5.7,1,5.7,5.7
Rick Famuyiwa,6.4,4,7.3,4.9
Rick Friedberg,5.3,1,5.3,5.3
Rick Rosenthal,4.1,1,4.1,4.1
Rick de Oliveira,2.7,1,2.7,2.7
Ricki Stern,7.7,1,7.7,7.7
Ricky Gervais,6.4,1,6.4,6.4
Ridley Scott,7.07,17,8.5,5.3
Ringo Lam,5.4,1,5.4,5.4
Risa Bramon Garcia,5.9,1,5.9,5.9
Rita Merson,5.3,1,5.3,5.3
Ritesh Batra,7.8,1,7.8,7.8
Rob Bowman,6.05,4,7.0,4.8
Rob Cohen,5.69,10,6.7,4.6
Rob Hawk,5.0,1,5.0,5.0
Rob Hedden,4.5,1,4.5,4.5
Rob Letterman,6.05,4,6.5,4.9
Rob Marshall,6.6,5,7.3,5.8
Rob McKittrick,6.8,1,6.8,6.8
Rob Minkoff,5.94,5,6.9,4.9
Rob Pritts,4.6,1,4.6,4.6
Rob Reiner,7.02,11,8.1,5.6
Rob Schmidt,6.1,1,6.1,6.1
Rob Zombie,5.72,4,6.9,4.9
Robby Henson,5.1,1,5.1,5.1
Robert Adetuyi,4.5,1,4.5,4.5
Robert Altman,6.8,3,7.3,6.3
Robert B. Weide,6.5,1,6.5,6.5
Robert Ben Garant,5.9,1,5.9,5.9
Robert Bennett,2.8,1,2.8,2.8
Robert Butler,4.7,1,4.7,4.7
Robert C. Cooper,7.4,1,7.4,7.4
Robert Cary,6.5,1,6.5,6.5
Robert D. Webb,6.2,1,6.2,6.2
Robert Duvall,7.2,1,7.2,7.2
Robert Eggers,6.8,1,6.8,6.8
Robert Fontaine,7.2,1,7.2,7.2
Robert Greenwald,7.25,2,7.7,6.8
Robert Hall,5.2,1,5.2,5.2
Robert Harmon,5.15,2,5.5,4.8
Robert Heath,5.6,1,5.6,5.6
Robert Iscove,4.4,3,5.8,2.1
Robert Kenner,7.9,1,7.9,7.9
Robert Lee King,6.3,1,6.3,6.3
Robert Lorenz,6.8,1,6.8,6.8
Robert Luketic,6.0,6,6.8,5.4
Robert M. Young,7.1,1,7.1,7.1
Robert Marcarelli,3.5,1,3.5,3.5
Robert Moresco,6.4,1,6.4,6.4
Robert Mulligan,8.4,1,8.4,8.4
Robert Redford,6.84,5,7.8,6.2
Robert Rodriguez,5.69,13,7.6,3.5
Robert Rossen,8.0,1,8.0,8.0
Robert Sarkies,7.3,1,7.3,7.3
Robert Schwentke,6.35,6,7.1,5.6
Robert Stevenson,7.8,1,7.8,7.8
Robert Stromberg,7.0,1,7.0,7.0
Robert Towne,7.2,1,7.2,7.2
Robert Townsend,7.0,1,7.0,7.0
Robert Wise,7.2,3,8.0,6.4
Robert Zemeckis,7.31,13,8.8,6.3
Robin Budd,5.8,1,5.8,5.8
Robinson Devor,7.3,1,7.3,7.3
Rod Lurie,6.6,5,7.0,5.8
Rodman Flender,6.2,1,6.2,6.2
Rodrigo Cortés,6.6,2,7.0,6.2
Rodrigo García,6.95,2,7.2,6.7
Roger Allers,7.35,2,8.5,6.2
Roger Avary,6.6,2,6.7,6.5
Roger Christian,2.4,1,2.4,2.4
Roger Donaldson,6.77,7,7.9,5.8
Roger Kumble,5.27,3,6.9,3.8
Roger Michell,6.67,3,7.0,6.5
Roger Nygard,7.0,1,7.0,7.0
Roger Spottiswoode,6.3,4,7.1,5.7
Roger Vadim,5.9,1,5.9,5.9
Rohan Sippy,6.2,1,6.2,6.2
Rohit Jagessar,7.4,1,7.4,7.4
Rohit Jugraj,6.6,1,6.6,6.6
Roland Emmerich,6.19,8,7.1,4.5
Roland Joffé,5.0,4,5.9,4.5
Roland Suso Richter,6.1,1,6.1,6.1
Roman Polanski,7.42,6,8.5,6.7
Romesh Sharma,5.1,1,5.1,5.1
Ron Clements,7.4,3,8.0,7.1
Ron Fricke,8.5,1,8.5,8.5
Ron Howard,6.93,13,8.2,5.3
Ron Maxwell,7.0,2,7.7,6.3
Ron Shelton,5.9,4,6.6,5.3
Ron Underwood,5.5,3,7.1,3.8
Ronald Neame,4.9,1,4.9,4.9
Ronan Chapalain,6.9,1,6.9,6.9
Ronny Yu,5.5,4,6.3,4.6
Rowan Joffe,6.0,2,6.3,5.7
Rowdy Herrington,6.6,2,6.7,6.5
Ruairi Robinson,5.5,1,5.5,5.5
Ruba Nadda,5.2,1,5.2,5.2
Ruben Fleischer,6.83,3,7.7,6.1
Ruggero Deodato,4.8,1,4.8,4.8
Rupert Sanders,6.1,1,6.1,6.1
Rupert Wainwright,6.2,1,6.2,6.2
Rupert Wyatt,6.53,3,7.6,6.0
Russ Meyer,6.2,1,6.2,6.2
Russell Crowe,7.1,1,7.1,7.1
Russell Friedenberg,3.6,1,3.6,3.6
Russell Holt,6.9,1,6.9,6.9
Russell Mulcahy,6.28,4,7.2,5.6
Rusty Cundieff,6.1,1,6.1,6.1
Ryan Coogler,7.6,2,7.7,7.5
Ryan Fleck,7.2,1,7.2,7.2
Ryan Little,6.8,1,6.8,6.8
Ryan Murphy,5.95,2,6.2,5.7
Ryan Smith,5.4,1,5.4,5.4
Ryûhei Kitamura,6.1,1,6.1,6.1
S.R. Bindler,4.7,1,4.7,4.7
S.S. Rajamouli,8.4,1,8.4,8.4
Sacha Bennett,4.8,1,4.8,4.8
Sadyk Sher-Niyaz,8.7,1,8.7,8.7
Sai Varadan,7.2,1,7.2,7.2
Sajid Khan,5.3,1,5.3,5.3
Salim Akil,5.7,2,5.7,5.7
Sally Potter,6.9,1,6.9,6.9
Salvador Carrasco,6.8,1,6.8,6.8
Sam Fell,6.1,1,6.1,6.1
Sam Firstenberg,4.7,1,4.7,4.7
Sam Levinson,6.0,1,6.0,6.0
Sam Martin,7.8,1,7.8,7.8
Sam Mendes,7.5,8,8.4,6.8
Sam Miller,5.75,2,5.9,5.6
Sam Peckinpah,7.38,4,8.0,6.8
Sam Raimi,6.91,13,7.8,6.2
Sam Taylor-Johnson,5.65,2,7.2,4.1
Sam Weisman,5.45,4,5.6,5.3
Sammo Kam-Bo Hung,6.2,1,6.2,6.2
Sanaa Hamri,6.0,2,6.2,5.8
Sanjay Rawal,7.1,1,7.1,7.1
Sara Newens,7.1,1,7.1,7.1
Sara Sugarman,4.6,1,4.6,4.6
Sarah Gavron,6.7,1,6.7,6.7
Sarah Smith,7.1,1,7.1,7.1
Sarik Andreasyan,5.2,1,5.2,5.2
Saul Dibb,6.9,1,6.9,6.9
Scandar Copti,7.4,1,7.4,7.4
Scott Alexander,5.7,1,5.7,5.7
Scott Cooper,7.03,3,7.3,6.8
Scott Derrickson,6.14,5,6.8,5.5
Scott Dow,3.4,1,3.4,3.4
Scott Foley,5.4,1,5.4,5.4
Scott Frank,6.5,1,6.5,6.5
Scott Hicks,6.84,5,7.7,6.3
Scott Kalvert,5.6,1,5.6,5.6
Scott Mann,6.1,2,6.1,6.1
Scott Marshall,4.65,2,5.4,3.9
Scott Smith,7.7,1,7.7,7.7
Scott Speer,6.5,1,6.5,6.5
Scott Stewart,5.45,2,5.7,5.2
Scott Walker,6.4,1,6.4,6.4
Scott Waugh,6.5,1,6.5,6.5
Scott Ziehl,6.6,1,6.6,6.6
Sean Anders,6.12,4,6.5,5.6
Sean Byrne,6.7,1,6.7,6.7
Sean Durkin,6.9,1,6.9,6.9
Sean McNamara,6.5,2,7.1,5.9
Sean Penn,7.5,2,8.2,6.8
Serdar Akar,6.0,1,6.0,6.0
Sergey Bodrov,6.27,3,7.3,5.5
Sergey Bondarchuk,7.3,1,7.3,7.3
Sergio Leone,8.48,4,8.9,8.0
Seth Gordon,6.07,3,6.9,5.6
Seth MacFarlane,6.5,3,7.0,6.1
Shana Feste,6.43,3,6.7,6.3
Shane Acker,7.1,1,7.1,7.1
Shane Black,7.4,2,7.6,7.2
Shane Carruth,7.0,1,7.0,7.0
Shane Dawson,5.1,1,5.1,5.1
Shane Meadows,7.55,4,7.7,7.1
Shari Springer Berman,6.7,2,7.5,5.9
Sharon Greytak,8.1,1,8.1,8.1
Sharon Maguire,6.7,1,6.7,6.7
Sharron Miller,4.1,1,4.1,4.1
Shawn Levy,6.09,11,7.1,5.4
Shekar,7.1,1,7.1,7.1
Shekhar Kapur,6.97,3,7.5,6.5
Sheldon Lettich,6.1,2,6.7,5.5
Sherman Alexie,6.9,1,6.9,6.9
Shimit Amin,7.5,1,7.5,7.5
Shinji Aramaki,6.5,1,6.5,6.5
Shintaro Shimosawa,5.3,1,5.3,5.3
Shona Auerbach,7.8,1,7.8,7.8
Shyam Madiraju,4.8,1,4.8,4.8
Siddharth Anand,5.4,1,5.4,5.4
Siddiq Barmak,7.4,1,7.4,7.4
Sidney J. Furie,3.6,1,3.6,3.6
Sidney Lumet,7.18,6,8.9,5.2
Simeon Rice,5.5,1,5.5,5.5
Simon Curtis,7.15,2,7.3,7.0
Simon Napier-Bell,7.4,1,7.4,7.4
Simon Wells,5.65,2,5.9,5.4
Simon West,6.02,8,6.8,5.0
Simon Wincer,5.62,4,6.8,4.8
Simon Yin,3.9,1,3.9,3.9
Sngmoo Lee,6.3,1,6.3,6.3
Sofia Coppola,6.92,4,7.8,6.3
Sol Tryon,6.5,1,6.5,6.5
Spencer Susser,7.1,1,7.1,7.1
Spike Jonze,7.58,4,8.0,6.8
Spike Lee,6.57,16,7.9,4.1
Stacy Peralta,7.8,2,7.9,7.7
Stanley Donen,8.3,1,8.3,8.3
Stanley Kramer,7.95,2,8.3,7.6
Stanley Kubrick,8.0,7,8.5,7.3
Stanley Tong,6.7,1,6.7,6.7
Stanton Barrett,3.4,1,3.4,3.4
Stefan C. Schaefer,5.7,1,5.7,5.7
Stefan Ruzowitzky,5.63,3,6.3,4.5
Stefan Schwartz,6.6,1,6.6,6.6
Stefen Fangmeier,5.1,1,5.1,5.1
Stephan Elliott,5.8,2,6.7,4.9
Stephen Carpenter,3.9,1,3.9,3.9
Stephen Chbosky,8.0,1,8.0,8.0
Stephen Chow,7.2,3,7.8,6.5
Stephen Daldry,7.4,5,7.7,6.9
Stephen Frears,7.07,10,7.7,5.8
Stephen Gaghan,6.3,3,7.0,4.9
Stephen Herek,6.12,8,7.3,4.9
Stephen Hillenburg,7.0,1,7.0,7.0
Stephen Hopkins,6.0,6,7.1,5.1
Stephen J. Anderson,7.3,1,7.3,7.3
Stephen Kay,5.0,3,5.8,4.1
Stephen Kijak,7.3,1,7.3,7.3
Stephen Langford,3.2,1,3.2,3.2
Stephen Milburn Anderson,6.0,1,6.0,6.0
Stephen Norrington,6.45,2,7.1,5.8
Stephen Sommers,6.08,4,6.3,5.8
Sterling Van Wagenen,6.6,1,6.6,6.6
Stevan Mena,5.1,1,5.1,5.1
Steve Antin,6.4,1,6.4,6.4
Steve Barron,5.3,1,5.3,5.3
Steve Beck,5.5,2,5.5,5.5
Steve Bendelack,6.3,1,6.3,6.3
Steve Box,7.5,1,7.5,7.5
Steve Boyum,3.95,2,4.0,3.9
Steve Buscemi,6.9,2,7.2,6.6
Steve Carr,5.35,4,6.1,4.6
Steve Carver,6.3,1,6.3,6.3
Steve Gomer,2.8,1,2.8,2.8
Steve Hickner,6.2,1,6.2,6.2
Steve James,7.55,2,8.3,6.8
Steve Martino,6.9,2,7.2,6.6
Steve McQueen,7.7,2,8.1,7.3
Steve Miner,5.76,5,6.2,5.2
Steve Oedekerk,6.2,4,6.7,5.6
Steve Pink,5.87,3,6.4,5.1
Steve Rash,5.25,2,5.4,5.1
Steve Taylor,6.0,1,6.0,6.0
Steve Trenbirth,5.4,1,5.4,5.4
Steven Brill,5.68,4,5.9,5.3
Steven E. de Souza,3.8,1,3.8,3.8
Steven Quale,5.85,2,5.9,5.8
Steven R. Monroe,6.3,1,6.3,6.3
Steven Seagal,4.4,1,4.4,4.4
Steven Shainberg,6.8,2,7.1,6.5
Steven Soderbergh,6.71,16,7.8,4.7
Steven Spielberg,7.52,125,9.1,2.9
Steven Zaillian,6.35,2,6.5,6.2
Stewart Hendler,5.1,1,5.1,5.1
Stewart Raffill,4.55,2,5.7,3.4
Stig Bergqvist,6.1,1,6.1,6.1
Stiles White,4.4,1,4.4,4.4
Stuart Baird,6.4,2,6.4,6.4
Stuart Beattie,5.1,1,5.1,5.1
Stuart Gillard,4.8,1,4.8,4.8
Stuart Gordon,6.1,2,6.3,5.9
Stuart Hazeldine,6.9,1,6.9,6.9
Stéphane Aubier,7.9,1,7.9,7.9
Sue Corcoran,4.7,1,4.7,4.7
Susan Seidelman,6.5,1,6.5,6.5
Susan Stroman,6.4,1,6.4,6.4
Susanna White,6.25,2,6.4,6.1
Susanne Bier,7.2,1,7.2,7.2
Sut Jhally,8.3,1,8.3,8.3
Sydney Pollack,6.58,5,7.4,5.1
Sylvain Chomet,7.8,1,7.8,7.8
Sylvain White,5.8,2,6.4,5.2
Sylvester Stallone,6.85,2,7.2,6.5
Sylvio Tabet,3.8,1,3.8,3.8
Tadeo Garcia,6.1,1,6.1,6.1
Taedong Park,4.8,1,4.8,4.8
Takao Okawara,6.0,1,6.0,6.0
Takashi Shimizu,5.45,2,5.9,5.0
Takashi Yamazaki,6.1,1,6.1,6.1
Takeshi Kitano,7.2,1,7.2,7.2
Tamara Jenkins,6.9,2,7.2,6.6
Tamra Davis,5.0,2,6.7,3.3
Tanner Beard,4.4,1,4.4,4.4
Tara Subkoff,3.3,1,3.3,3.3
Tarsem Singh,6.12,4,6.5,5.6
Tate Taylor,7.5,2,8.1,6.9
Tay Garnett,7.5,1,7.5,7.5
Taylor Hackford,6.66,5,7.7,5.7
Ted Demme,7.6,1,7.6,7.6
Ted Kotcheff,7.7,2,7.7,7.7
Ted Post,6.55,2,7.0,6.1
Teddy Chan,6.7,2,6.9,6.5
Terence Davies,7.1,1,7.1,7.1
Terence Young,6.12,4,7.5,2.7
Terrence Malick,7.25,4,8.0,6.7
Terron R. Parsons,3.4,1,3.4,3.4
Terry George,8.1,1,8.1,8.1
Terry Gilliam,7.33,7,8.3,5.9
Terry Zwigoff,7.25,2,7.4,7.1
Thaddeus O'Sullivan,6.7,1,6.7,6.7
Thea Sharrock,7.6,1,7.6,7.6
Theodore Melfi,7.3,1,7.3,7.3
Theodore Witcher,7.4,1,7.4,7.4
Thomas Bezucha,6.05,2,6.3,5.8
Thomas Carter,6.67,3,7.2,6.1
Thomas L. Phillips,5.4,1,5.4,5.4
Thomas Lilti,7.2,1,7.2,7.2
Thomas Vinterberg,7.67,3,8.3,6.6
Thor Freudenthal,5.83,3,6.2,5.4
Thorbjørn Christoffersen,5.7,1,5.7,5.7
Ti West,5.95,2,6.4,5.5
Tim Blake Nelson,6.2,1,6.2,6.2
Tim Boxell,6.6,1,6.6,6.6
Tim Burton,6.93,16,8.0,5.7
Tim Chambers,6.5,1,6.5,6.5
Tim Fywell,6.0,1,6.0,6.0
Tim Heidecker,5.3,1,5.3,5.3
Tim Hill,5.44,5,6.2,5.0
Tim Hunter,7.1,1,7.1,7.1
Tim Johnson,6.72,4,6.8,6.7
Tim McCanlies,7.2,2,7.6,6.8
Tim Miller,8.1,1,8.1,8.1
Tim Robbins,7.25,2,7.6,6.9
Tim Story,6.05,6,6.6,5.6
Timothy Björklund,5.8,1,5.8,5.8
Timothy Hines,7.5,1,7.5,7.5
Timothy Woodward Jr.,3.1,1,3.1,3.1
Timur Bekmambetov,6.22,6,6.7,5.9
Tina Gordon Chism,5.3,1,5.3,5.3
Tobe Hooper,6.7,7,7.5,5.5
Tod Williams,5.7,1,5.7,5.7
Todd Field,7.55,2,7.6,7.5
Todd Graff,6.05,2,6.4,5.7
Todd Haynes,7.13,3,7.4,7.0
Todd Lincoln,4.1,1,4.1,4.1
Todd Phillips,6.66,7,7.8,5.9
Todd Solondz,7.27,3,7.8,6.5
Todd Strauss-Schulson,6.3,1,6.3,6.3
Tom Brady,3.3,1,3.3,3.3
Tom Dey,5.47,3,6.6,4.2
Tom DiCillo,5.8,1,5.8,5.8
Tom Elkins,5.3,1,5.3,5.3
Tom Ford,7.6,1,7.6,7.6
Tom Gormican,6.1,1,6.1,6.1
Tom Green,4.5,1,4.5,4.5
Tom Hanks,6.5,2,6.9,6.1
Tom Holland,6.1,2,6.5,5.7
Tom Hooper,7.73,3,8.0,7.6
Tom Kalin,5.9,1,5.9,5.9
Tom McCarthy,7.9,2,8.1,7.7
Tom McGrath,7.3,1,7.3,7.3
Tom McLoughlin,5.9,1,5.9,5.9
Tom Putnam,7.5,1,7.5,7.5
Tom Reeve,5.7,1,5.7,5.7
Tom Sanchez,7.2,1,7.2,7.2
Tom Schulman,5.3,1,5.3,5.3
Tom Seidman,6.2,1,6.2,6.2
Tom Shadyac,6.31,7,6.9,5.4
Tom Tykwer,7.22,5,7.8,6.5
Tom Vaughan,6.3,2,6.5,6.1
Tom Walsh,4.8,1,4.8,4.8
Tomas Alfredson,7.1,1,7.1,7.1
Tomm Moore,7.7,1,7.7,7.7
Tommy Lee Jones,7.05,2,7.5,6.6
Tommy Lee Wallace,4.6,1,4.6,4.6
Tommy O'Haver,6.05,2,6.3,5.8
Tommy Oliver,7.1,1,7.1,7.1
Tommy Wirkola,6.25,2,6.4,6.1
Tony Bancroft,7.5,1,7.5,7.5
Tony Bill,6.6,1,6.6,6.6
Tony Giglio,5.3,1,5.3,5.3
Tony Gilroy,6.73,3,7.3,6.2
Tony Goldwyn,6.35,2,6.6,6.1
Tony Jaa,6.2,1,6.2,6.2
Tony Kaye,8.03,3,8.6,7.2
Tony Krantz,5.3,1,5.3,5.3
Tony Maylam,6.2,1,6.2,6.2
Tony Richardson,6.4,2,6.8,6.0
Tony Scott,6.79,12,8.0,5.8
Tran Anh Hung,5.5,1,5.5,5.5
Travis Cluff,4.2,1,4.2,4.2
Travis Legge,3.25,2,3.3,3.2
Travis Romero,3.9,1,3.9,3.9
Travis Zariwny,3.7,1,3.7,3.7
Trent Cooper,3.1,1,3.1,3.1
Trey Parker,7.07,3,7.8,6.2
Troy Duffy,7.1,2,7.9,6.3
Troy Miller,3.4,1,3.4,3.4
Troy Nixey,5.6,1,5.6,5.6
Tuck Tucker,5.9,1,5.9,5.9
Tung-Shing Yee,7.1,1,7.1,7.1
Tyler Oliver,5.2,1,5.2,5.2
Tyler Perry,4.9,9,6.0,4.1
U. Roberto Romano,7.2,1,7.2,7.2
Udayan Prasad,6.8,1,6.8,6.8
Uli Edel,6.55,2,7.4,5.7
Ulu Grosbard,6.3,1,6.3,6.3
Uwe Boll,3.72,5,6.3,2.3
Vadim Perelman,7.0,2,7.6,6.4
Valentine,5.1,1,5.1,5.1
Valeri Milev,5.1,1,5.1,5.1
Vera Farmiga,6.3,1,6.3,6.3
Vic Armstrong,3.1,1,3.1,3.1
Vic Sarin,7.1,2,7.2,7.0
Vicente Amorim,6.2,1,6.2,6.2
Vicky Jenson,5.3,1,5.3,5.3
Vicky Jewson,4.4,1,4.4,4.4
Victor Fleming,7.77,3,8.2,7.0
Victor Nunez,7.15,2,7.2,7.1
Victor Salva,6.33,3,7.3,5.6
Vidhu Vinod Chopra,5.7,1,5.7,5.7
Vijay Chandar,5.1,1,5.1,5.1
Vincent Gallo,6.25,2,7.5,5.0
Vincent Paronnaud,8.0,1,8.0,8.0
Vincent Ward,7.0,1,7.0,7.0
Vincente Minnelli,7.1,1,7.1,7.1
Vincenzo Natali,6.55,4,7.3,5.8
Vipul Amrutlal Shah,7.3,1,7.3,7.3
Vivek Agnihotri,4.8,1,4.8,4.8
Vladlen Barbe,5.3,1,5.3,5.3
Vondie Curtis-Hall,2.1,1,2.1,2.1
W.D. Hogan,3.4,1,3.4,3.4
Wade Gasque,6.8,1,6.8,6.8
Wajahat Rauf,7.0,1,7.0,7.0
Wallace Wolodarsky,5.4,1,5.4,5.4
Wally Pfister,6.3,1,6.3,6.3
Walt Becker,5.68,4,6.4,5.0
Walter Hill,5.92,4,7.1,4.8
Walter Lang,6.8,2,7.1,6.5
Walter Murch,6.7,1,6.7,6.7
Walter Salles,6.57,3,8.0,5.6
Ward Roberts,6.5,1,6.5,6.5
Warren Beatty,6.8,3,7.5,6.1
Warren P. Sonoda,4.7,1,4.7,4.7
Warren Sheppard,4.0,1,4.0,4.0
Wayne Beach,5.9,1,5.9,5.9
Wayne Kramer,7.2,2,7.4,7.0
Wayne Thornley,5.8,1,5.8,5.8
Wayne Wang,6.02,5,6.4,5.1
Werner Herzog,7.0,2,7.3,6.7
Wes Anderson,7.63,7,8.1,7.1
Wes Ball,6.6,2,6.8,6.4
Wes Craven,6.11,11,7.5,4.5
Whit Stillman,6.6,2,7.5,5.7
Wil Shriner,5.6,1,5.6,5.6
Will Canon,5.3,1,5.3,5.3
Will Finn,5.5,2,5.6,5.4
Will Gluck,6.3,3,7.1,5.2
Willard Huyck,4.6,1,4.6,4.6
William A. Fraker,5.0,1,5.0,5.0
William A. Graham,5.1,1,5.1,5.1
William Arntz,5.4,1,5.4,5.4
William Bindley,6.5,1,6.5,6.5
William Brent Bell,5.1,3,6.0,4.2
William Cottrell,7.7,1,7.7,7.7
William Dear,5.6,2,7.0,4.2
William Eubank,6.1,1,6.1,6.1
William Friedkin,6.88,6,8.0,5.1
William Gazecki,7.1,2,7.2,7.0
William H. Macy,7.5,1,7.5,7.5
William Kaufman,5.3,2,5.4,5.2
William Malone,4.45,2,5.6,3.3
William Phillips,6.5,1,6.5,6.5
William Sachs,3.4,1,3.4,3.4
William Shatner,5.4,1,5.4,5.4
William Wyler,8.1,1,8.1,8.1
Wilson Yip,7.2,1,7.2,7.2
Wolfgang Becker,7.7,1,7.7,7.7
Wolfgang Petersen,6.86,7,8.4,5.6
Woo-Suk Kang,7.2,1,7.2,7.2
Woody Allen,7.01,22,8.1,6.3
Wych Kaosayananda,3.6,1,3.6,3.6
Xavier Beauvois,7.2,1,7.2,7.2
Xavier Gens,6.05,2,6.3,5.8
Yarrow Cheney,6.8,1,6.8,6.8
Yash Chopra,7.4,2,7.9,6.9
Yimou Zhang,7.18,6,7.9,5.7
Yorgos Lanthimos,7.3,1,7.3,7.3
Youssef Delara,5.45,2,5.7,5.2
Yuefeng Song,6.4,1,6.4,6.4
Zach Braff,7.15,2,7.6,6.7
Zach Cregger,5.1,1,5.1,5.1
Zack Snyder,7.18,8,7.7,6.1
Zack Ward,4.0,1,4.0,4.0
Zackary Adler,5.0,1,5.0,5.0
Zak Penn,6.6,1,6.6,6.6
Zal Batmanglij,6.8,2,6.9,6.7
Zoran Lisinac,7.1,1,7.1,7.1
Álex de la Iglesia,6.1,1,6.1,6.1
Émile Gaudreault,6.7,1,6.7,6.7
Éric Tessier,6.6,1,6.6,6.6
Étienne Faure,4.3,1,4.3,4.3
